vendor,device_type,model,nuid,box_type
Huawei,SB,SBX-100,NUID-SB-000001,HD
ZTE,SB,SBX-200,NUID-SB-000002,OTT
Nokia,SB,SB-Pro,NUID-SB-000003,HD
Skyworth,SB,VisionBox,NUID-SB-000004,OTT
Airtel,SB,OTT-Max,NUID-SB-000005,HD
Huawei,SB,SBX-100,NUID-SB-000006,OTT
ZTE,SB,SBX-200,NUID-SB-000007,HD
Nokia,SB,SB-Pro,NUID-SB-000008,OTT
Skyworth,SB,VisionBox,NUID-SB-000009,HD
Airtel,SB,OTT-Max,NUID-SB-000010,OTT
Huawei,SB,SBX-100,NUID-SB-000011,HD
ZTE,SB,SBX-200,NUID-SB-000012,OTT
Nokia,SB,SB-Pro,NUID-SB-000013,HD
Skyworth,SB,VisionBox,NUID-SB-000014,OTT
Airtel,SB,OTT-Max,NUID-SB-000015,HD
Huawei,SB,SBX-100,NUID-SB-000016,OTT
ZTE,SB,SBX-200,NUID-SB-000017,HD
Nokia,SB,SB-Pro,NUID-SB-000018,OTT
Skyworth,SB,VisionBox,NUID-SB-000019,HD
Airtel,SB,OTT-Max,NUID-SB-000020,OTT
Huawei,SB,SBX-100,NUID-SB-000021,HD
ZTE,SB,SBX-200,NUID-SB-000022,OTT
Nokia,SB,SB-Pro,NUID-SB-000023,HD
Skyworth,SB,VisionBox,NUID-SB-000024,OTT
Airtel,SB,OTT-Max,NUID-SB-000025,HD
Huawei,SB,SBX-100,NUID-SB-000026,OTT
ZTE,SB,SBX-200,NUID-SB-000027,HD
Nokia,SB,SB-Pro,NUID-SB-000028,OTT
Skyworth,SB,VisionBox,NUID-SB-000029,HD
Airtel,SB,OTT-Max,NUID-SB-000030,OTT
Huawei,SB,SBX-100,NUID-SB-000031,HD
ZTE,SB,SBX-200,NUID-SB-000032,OTT
Nokia,SB,SB-Pro,NUID-SB-000033,HD
Skyworth,SB,VisionBox,NUID-SB-000034,OTT
Airtel,SB,OTT-Max,NUID-SB-000035,HD
Huawei,SB,SBX-100,NUID-SB-000036,OTT
ZTE,SB,SBX-200,NUID-SB-000037,HD
Nokia,SB,SB-Pro,NUID-SB-000038,OTT
Skyworth,SB,VisionBox,NUID-SB-000039,HD
Airtel,SB,OTT-Max,NUID-SB-000040,OTT
Huawei,SB,SBX-100,NUID-SB-000041,HD
ZTE,SB,SBX-200,NUID-SB-000042,OTT
Nokia,SB,SB-Pro,NUID-SB-000043,HD
Skyworth,SB,VisionBox,NUID-SB-000044,OTT
Airtel,SB,OTT-Max,NUID-SB-000045,HD
Huawei,SB,SBX-100,NUID-SB-000046,OTT
ZTE,SB,SBX-200,NUID-SB-000047,HD
Nokia,SB,SB-Pro,NUID-SB-000048,OTT
Skyworth,SB,VisionBox,NUID-SB-000049,HD
Airtel,SB,OTT-Max,NUID-SB-000050,OTT
Huawei,SB,SBX-100,NUID-SB-000051,HD
ZTE,SB,SBX-200,NUID-SB-000052,OTT
Nokia,SB,SB-Pro,NUID-SB-000053,HD
Skyworth,SB,VisionBox,NUID-SB-000054,OTT
Airtel,SB,OTT-Max,NUID-SB-000055,HD
Huawei,SB,SBX-100,NUID-SB-000056,OTT
ZTE,SB,SBX-200,NUID-SB-000057,HD
Nokia,SB,SB-Pro,NUID-SB-000058,OTT
Skyworth,SB,VisionBox,NUID-SB-000059,HD
Airtel,SB,OTT-Max,NUID-SB-000060,OTT
Huawei,SB,SBX-100,NUID-SB-000061,HD
ZTE,SB,SBX-200,NUID-SB-000062,OTT
Nokia,SB,SB-Pro,NUID-SB-000063,HD
Skyworth,SB,VisionBox,NUID-SB-000064,OTT
Airtel,SB,OTT-Max,NUID-SB-000065,HD
Huawei,SB,SBX-100,NUID-SB-000066,OTT
ZTE,SB,SBX-200,NUID-SB-000067,HD
Nokia,SB,SB-Pro,NUID-SB-000068,OTT
Skyworth,SB,VisionBox,NUID-SB-000069,HD
Airtel,SB,OTT-Max,NUID-SB-000070,OTT
Huawei,SB,SBX-100,NUID-SB-000071,HD
ZTE,SB,SBX-200,NUID-SB-000072,OTT
Nokia,SB,SB-Pro,NUID-SB-000073,HD
Skyworth,SB,VisionBox,NUID-SB-000074,OTT
Airtel,SB,OTT-Max,NUID-SB-000075,HD
Huawei,SB,SBX-100,NUID-SB-000076,OTT
ZTE,SB,SBX-200,NUID-SB-000077,HD
Nokia,SB,SB-Pro,NUID-SB-000078,OTT
Skyworth,SB,VisionBox,NUID-SB-000079,HD
Airtel,SB,OTT-Max,NUID-SB-000080,OTT
Huawei,SB,SBX-100,NUID-SB-000081,HD
ZTE,SB,SBX-200,NUID-SB-000082,OTT
Nokia,SB,SB-Pro,NUID-SB-000083,HD
Skyworth,SB,VisionBox,NUID-SB-000084,OTT
Airtel,SB,OTT-Max,NUID-SB-000085,HD
Huawei,SB,SBX-100,NUID-SB-000086,OTT
ZTE,SB,SBX-200,NUID-SB-000087,HD
Nokia,SB,SB-Pro,NUID-SB-000088,OTT
Skyworth,SB,VisionBox,NUID-SB-000089,HD
Airtel,SB,OTT-Max,NUID-SB-000090,OTT
Huawei,SB,SBX-100,NUID-SB-000091,HD
ZTE,SB,SBX-200,NUID-SB-000092,OTT
Nokia,SB,SB-Pro,NUID-SB-000093,HD
Skyworth,SB,VisionBox,NUID-SB-000094,OTT
Airtel,SB,OTT-Max,NUID-SB-000095,HD
Huawei,SB,SBX-100,NUID-SB-000096,OTT
ZTE,SB,SBX-200,NUID-SB-000097,HD
Nokia,SB,SB-Pro,NUID-SB-000098,OTT
Skyworth,SB,VisionBox,NUID-SB-000099,HD
Airtel,SB,OTT-Max,NUID-SB-000100,OTT
Huawei,SB,SBX-100,NUID-SB-000101,HD
ZTE,SB,SBX-200,NUID-SB-000102,OTT
Nokia,SB,SB-Pro,NUID-SB-000103,HD
Skyworth,SB,VisionBox,NUID-SB-000104,OTT
Airtel,SB,OTT-Max,NUID-SB-000105,HD
Huawei,SB,SBX-100,NUID-SB-000106,OTT
ZTE,SB,SBX-200,NUID-SB-000107,HD
Nokia,SB,SB-Pro,NUID-SB-000108,OTT
Skyworth,SB,VisionBox,NUID-SB-000109,HD
Airtel,SB,OTT-Max,NUID-SB-000110,OTT
Huawei,SB,SBX-100,NUID-SB-000111,HD
ZTE,SB,SBX-200,NUID-SB-000112,OTT
Nokia,SB,SB-Pro,NUID-SB-000113,HD
Skyworth,SB,VisionBox,NUID-SB-000114,OTT
Airtel,SB,OTT-Max,NUID-SB-000115,HD
Huawei,SB,SBX-100,NUID-SB-000116,OTT
ZTE,SB,SBX-200,NUID-SB-000117,HD
Nokia,SB,SB-Pro,NUID-SB-000118,OTT
Skyworth,SB,VisionBox,NUID-SB-000119,HD
Airtel,SB,OTT-Max,NUID-SB-000120,OTT
Huawei,SB,SBX-100,NUID-SB-000121,HD
ZTE,SB,SBX-200,NUID-SB-000122,OTT
Nokia,SB,SB-Pro,NUID-SB-000123,HD
Skyworth,SB,VisionBox,NUID-SB-000124,OTT
Airtel,SB,OTT-Max,NUID-SB-000125,HD
Huawei,SB,SBX-100,NUID-SB-000126,OTT
ZTE,SB,SBX-200,NUID-SB-000127,HD
Nokia,SB,SB-Pro,NUID-SB-000128,OTT
Skyworth,SB,VisionBox,NUID-SB-000129,HD
Airtel,SB,OTT-Max,NUID-SB-000130,OTT
Huawei,SB,SBX-100,NUID-SB-000131,HD
ZTE,SB,SBX-200,NUID-SB-000132,OTT
Nokia,SB,SB-Pro,NUID-SB-000133,HD
Skyworth,SB,VisionBox,NUID-SB-000134,OTT
Airtel,SB,OTT-Max,NUID-SB-000135,HD
Huawei,SB,SBX-100,NUID-SB-000136,OTT
ZTE,SB,SBX-200,NUID-SB-000137,HD
Nokia,SB,SB-Pro,NUID-SB-000138,OTT
Skyworth,SB,VisionBox,NUID-SB-000139,HD
Airtel,SB,OTT-Max,NUID-SB-000140,OTT
Huawei,SB,SBX-100,NUID-SB-000141,HD
ZTE,SB,SBX-200,NUID-SB-000142,OTT
Nokia,SB,SB-Pro,NUID-SB-000143,HD
Skyworth,SB,VisionBox,NUID-SB-000144,OTT
Airtel,SB,OTT-Max,NUID-SB-000145,HD
Huawei,SB,SBX-100,NUID-SB-000146,OTT
ZTE,SB,SBX-200,NUID-SB-000147,HD
Nokia,SB,SB-Pro,NUID-SB-000148,OTT
Skyworth,SB,VisionBox,NUID-SB-000149,HD
Airtel,SB,OTT-Max,NUID-SB-000150,OTT
Huawei,SB,SBX-100,NUID-SB-000151,HD
ZTE,SB,SBX-200,NUID-SB-000152,OTT
Nokia,SB,SB-Pro,NUID-SB-000153,HD
Skyworth,SB,VisionBox,NUID-SB-000154,OTT
Airtel,SB,OTT-Max,NUID-SB-000155,HD
Huawei,SB,SBX-100,NUID-SB-000156,OTT
ZTE,SB,SBX-200,NUID-SB-000157,HD
Nokia,SB,SB-Pro,NUID-SB-000158,OTT
Skyworth,SB,VisionBox,NUID-SB-000159,HD
Airtel,SB,OTT-Max,NUID-SB-000160,OTT
Huawei,SB,SBX-100,NUID-SB-000161,HD
ZTE,SB,SBX-200,NUID-SB-000162,OTT
Nokia,SB,SB-Pro,NUID-SB-000163,HD
Skyworth,SB,VisionBox,NUID-SB-000164,OTT
Airtel,SB,OTT-Max,NUID-SB-000165,HD
Huawei,SB,SBX-100,NUID-SB-000166,OTT
ZTE,SB,SBX-200,NUID-SB-000167,HD
Nokia,SB,SB-Pro,NUID-SB-000168,OTT
Skyworth,SB,VisionBox,NUID-SB-000169,HD
Airtel,SB,OTT-Max,NUID-SB-000170,OTT
Huawei,SB,SBX-100,NUID-SB-000171,HD
ZTE,SB,SBX-200,NUID-SB-000172,OTT
Nokia,SB,SB-Pro,NUID-SB-000173,HD
Skyworth,SB,VisionBox,NUID-SB-000174,OTT
Airtel,SB,OTT-Max,NUID-SB-000175,HD
Huawei,SB,SBX-100,NUID-SB-000176,OTT
ZTE,SB,SBX-200,NUID-SB-000177,HD
Nokia,SB,SB-Pro,NUID-SB-000178,OTT
Skyworth,SB,VisionBox,NUID-SB-000179,HD
Airtel,SB,OTT-Max,NUID-SB-000180,OTT
Huawei,SB,SBX-100,NUID-SB-000181,HD
ZTE,SB,SBX-200,NUID-SB-000182,OTT
Nokia,SB,SB-Pro,NUID-SB-000183,HD
Skyworth,SB,VisionBox,NUID-SB-000184,OTT
Airtel,SB,OTT-Max,NUID-SB-000185,HD
Huawei,SB,SBX-100,NUID-SB-000186,OTT
ZTE,SB,SBX-200,NUID-SB-000187,HD
Nokia,SB,SB-Pro,NUID-SB-000188,OTT
Skyworth,SB,VisionBox,NUID-SB-000189,HD
Airtel,SB,OTT-Max,NUID-SB-000190,OTT
Huawei,SB,SBX-100,NUID-SB-000191,HD
ZTE,SB,SBX-200,NUID-SB-000192,OTT
Nokia,SB,SB-Pro,NUID-SB-000193,HD
Skyworth,SB,VisionBox,NUID-SB-000194,OTT
Airtel,SB,OTT-Max,NUID-SB-000195,HD
Huawei,SB,SBX-100,NUID-SB-000196,OTT
ZTE,SB,SBX-200,NUID-SB-000197,HD
Nokia,SB,SB-Pro,NUID-SB-000198,OTT
Skyworth,SB,VisionBox,NUID-SB-000199,HD
Airtel,SB,OTT-Max,NUID-SB-000200,OTT
Huawei,SB,SBX-100,NUID-SB-000201,HD
ZTE,SB,SBX-200,NUID-SB-000202,OTT
Nokia,SB,SB-Pro,NUID-SB-000203,HD
Skyworth,SB,VisionBox,NUID-SB-000204,OTT
Airtel,SB,OTT-Max,NUID-SB-000205,HD
Huawei,SB,SBX-100,NUID-SB-000206,OTT
ZTE,SB,SBX-200,NUID-SB-000207,HD
Nokia,SB,SB-Pro,NUID-SB-000208,OTT
Skyworth,SB,VisionBox,NUID-SB-000209,HD
Airtel,SB,OTT-Max,NUID-SB-000210,OTT
Huawei,SB,SBX-100,NUID-SB-000211,HD
ZTE,SB,SBX-200,NUID-SB-000212,OTT
Nokia,SB,SB-Pro,NUID-SB-000213,HD
Skyworth,SB,VisionBox,NUID-SB-000214,OTT
Airtel,SB,OTT-Max,NUID-SB-000215,HD
Huawei,SB,SBX-100,NUID-SB-000216,OTT
ZTE,SB,SBX-200,NUID-SB-000217,HD
Nokia,SB,SB-Pro,NUID-SB-000218,OTT
Skyworth,SB,VisionBox,NUID-SB-000219,HD
Airtel,SB,OTT-Max,NUID-SB-000220,OTT
Huawei,SB,SBX-100,NUID-SB-000221,HD
ZTE,SB,SBX-200,NUID-SB-000222,OTT
Nokia,SB,SB-Pro,NUID-SB-000223,HD
Skyworth,SB,VisionBox,NUID-SB-000224,OTT
Airtel,SB,OTT-Max,NUID-SB-000225,HD
Huawei,SB,SBX-100,NUID-SB-000226,OTT
ZTE,SB,SBX-200,NUID-SB-000227,HD
Nokia,SB,SB-Pro,NUID-SB-000228,OTT
Skyworth,SB,VisionBox,NUID-SB-000229,HD
Airtel,SB,OTT-Max,NUID-SB-000230,OTT
Huawei,SB,SBX-100,NUID-SB-000231,HD
ZTE,SB,SBX-200,NUID-SB-000232,OTT
Nokia,SB,SB-Pro,NUID-SB-000233,HD
Skyworth,SB,VisionBox,NUID-SB-000234,OTT
Airtel,SB,OTT-Max,NUID-SB-000235,HD
Huawei,SB,SBX-100,NUID-SB-000236,OTT
ZTE,SB,SBX-200,NUID-SB-000237,HD
Nokia,SB,SB-Pro,NUID-SB-000238,OTT
Skyworth,SB,VisionBox,NUID-SB-000239,HD
Airtel,SB,OTT-Max,NUID-SB-000240,OTT
Huawei,SB,SBX-100,NUID-SB-000241,HD
ZTE,SB,SBX-200,NUID-SB-000242,OTT
Nokia,SB,SB-Pro,NUID-SB-000243,HD
Skyworth,SB,VisionBox,NUID-SB-000244,OTT
Airtel,SB,OTT-Max,NUID-SB-000245,HD
Huawei,SB,SBX-100,NUID-SB-000246,OTT
ZTE,SB,SBX-200,NUID-SB-000247,HD
Nokia,SB,SB-Pro,NUID-SB-000248,OTT
Skyworth,SB,VisionBox,NUID-SB-000249,HD
Airtel,SB,OTT-Max,NUID-SB-000250,OTT
Huawei,SB,SBX-100,NUID-SB-000251,HD
ZTE,SB,SBX-200,NUID-SB-000252,OTT
Nokia,SB,SB-Pro,NUID-SB-000253,HD
Skyworth,SB,VisionBox,NUID-SB-000254,OTT
Airtel,SB,OTT-Max,NUID-SB-000255,HD
Huawei,SB,SBX-100,NUID-SB-000256,OTT
ZTE,SB,SBX-200,NUID-SB-000257,HD
Nokia,SB,SB-Pro,NUID-SB-000258,OTT
Skyworth,SB,VisionBox,NUID-SB-000259,HD
Airtel,SB,OTT-Max,NUID-SB-000260,OTT
Huawei,SB,SBX-100,NUID-SB-000261,HD
ZTE,SB,SBX-200,NUID-SB-000262,OTT
Nokia,SB,SB-Pro,NUID-SB-000263,HD
Skyworth,SB,VisionBox,NUID-SB-000264,OTT
Airtel,SB,OTT-Max,NUID-SB-000265,HD
Huawei,SB,SBX-100,NUID-SB-000266,OTT
ZTE,SB,SBX-200,NUID-SB-000267,HD
Nokia,SB,SB-Pro,NUID-SB-000268,OTT
Skyworth,SB,VisionBox,NUID-SB-000269,HD
Airtel,SB,OTT-Max,NUID-SB-000270,OTT
Huawei,SB,SBX-100,NUID-SB-000271,HD
ZTE,SB,SBX-200,NUID-SB-000272,OTT
Nokia,SB,SB-Pro,NUID-SB-000273,HD
Skyworth,SB,VisionBox,NUID-SB-000274,OTT
Airtel,SB,OTT-Max,NUID-SB-000275,HD
Huawei,SB,SBX-100,NUID-SB-000276,OTT
ZTE,SB,SBX-200,NUID-SB-000277,HD
Nokia,SB,SB-Pro,NUID-SB-000278,OTT
Skyworth,SB,VisionBox,NUID-SB-000279,HD
Airtel,SB,OTT-Max,NUID-SB-000280,OTT
Huawei,SB,SBX-100,NUID-SB-000281,HD
ZTE,SB,SBX-200,NUID-SB-000282,OTT
Nokia,SB,SB-Pro,NUID-SB-000283,HD
Skyworth,SB,VisionBox,NUID-SB-000284,OTT
Airtel,SB,OTT-Max,NUID-SB-000285,HD
Huawei,SB,SBX-100,NUID-SB-000286,OTT
ZTE,SB,SBX-200,NUID-SB-000287,HD
Nokia,SB,SB-Pro,NUID-SB-000288,OTT
Skyworth,SB,VisionBox,NUID-SB-000289,HD
Airtel,SB,OTT-Max,NUID-SB-000290,OTT
Huawei,SB,SBX-100,NUID-SB-000291,HD
ZTE,SB,SBX-200,NUID-SB-000292,OTT
Nokia,SB,SB-Pro,NUID-SB-000293,HD
Skyworth,SB,VisionBox,NUID-SB-000294,OTT
Airtel,SB,OTT-Max,NUID-SB-000295,HD
Huawei,SB,SBX-100,NUID-SB-000296,OTT
ZTE,SB,SBX-200,NUID-SB-000297,HD
Nokia,SB,SB-Pro,NUID-SB-000298,OTT
Skyworth,SB,VisionBox,NUID-SB-000299,HD
Airtel,SB,OTT-Max,NUID-SB-000300,OTT
Huawei,SB,SBX-100,NUID-SB-000301,HD
ZTE,SB,SBX-200,NUID-SB-000302,OTT
Nokia,SB,SB-Pro,NUID-SB-000303,HD
Skyworth,SB,VisionBox,NUID-SB-000304,OTT
Airtel,SB,OTT-Max,NUID-SB-000305,HD
Huawei,SB,SBX-100,NUID-SB-000306,OTT
ZTE,SB,SBX-200,NUID-SB-000307,HD
Nokia,SB,SB-Pro,NUID-SB-000308,OTT
Skyworth,SB,VisionBox,NUID-SB-000309,HD
Airtel,SB,OTT-Max,NUID-SB-000310,OTT
Huawei,SB,SBX-100,NUID-SB-000311,HD
ZTE,SB,SBX-200,NUID-SB-000312,OTT
Nokia,SB,SB-Pro,NUID-SB-000313,HD
Skyworth,SB,VisionBox,NUID-SB-000314,OTT
Airtel,SB,OTT-Max,NUID-SB-000315,HD
Huawei,SB,SBX-100,NUID-SB-000316,OTT
ZTE,SB,SBX-200,NUID-SB-000317,HD
Nokia,SB,SB-Pro,NUID-SB-000318,OTT
Skyworth,SB,VisionBox,NUID-SB-000319,HD
Airtel,SB,OTT-Max,NUID-SB-000320,OTT
Huawei,SB,SBX-100,NUID-SB-000321,HD
ZTE,SB,SBX-200,NUID-SB-000322,OTT
Nokia,SB,SB-Pro,NUID-SB-000323,HD
Skyworth,SB,VisionBox,NUID-SB-000324,OTT
Airtel,SB,OTT-Max,NUID-SB-000325,HD
Huawei,SB,SBX-100,NUID-SB-000326,OTT
ZTE,SB,SBX-200,NUID-SB-000327,HD
Nokia,SB,SB-Pro,NUID-SB-000328,OTT
Skyworth,SB,VisionBox,NUID-SB-000329,HD
Airtel,SB,OTT-Max,NUID-SB-000330,OTT
Huawei,SB,SBX-100,NUID-SB-000331,HD
ZTE,SB,SBX-200,NUID-SB-000332,OTT
Nokia,SB,SB-Pro,NUID-SB-000333,HD
Skyworth,SB,VisionBox,NUID-SB-000334,OTT
Airtel,SB,OTT-Max,NUID-SB-000335,HD
Huawei,SB,SBX-100,NUID-SB-000336,OTT
ZTE,SB,SBX-200,NUID-SB-000337,HD
Nokia,SB,SB-Pro,NUID-SB-000338,OTT
Skyworth,SB,VisionBox,NUID-SB-000339,HD
Airtel,SB,OTT-Max,NUID-SB-000340,OTT
Huawei,SB,SBX-100,NUID-SB-000341,HD
ZTE,SB,SBX-200,NUID-SB-000342,OTT
Nokia,SB,SB-Pro,NUID-SB-000343,HD
Skyworth,SB,VisionBox,NUID-SB-000344,OTT
Airtel,SB,OTT-Max,NUID-SB-000345,HD
Huawei,SB,SBX-100,NUID-SB-000346,OTT
ZTE,SB,SBX-200,NUID-SB-000347,HD
Nokia,SB,SB-Pro,NUID-SB-000348,OTT
Skyworth,SB,VisionBox,NUID-SB-000349,HD
Airtel,SB,OTT-Max,NUID-SB-000350,OTT
Huawei,SB,SBX-100,NUID-SB-000351,HD
ZTE,SB,SBX-200,NUID-SB-000352,OTT
Nokia,SB,SB-Pro,NUID-SB-000353,HD
Skyworth,SB,VisionBox,NUID-SB-000354,OTT
Airtel,SB,OTT-Max,NUID-SB-000355,HD
Huawei,SB,SBX-100,NUID-SB-000356,OTT
ZTE,SB,SBX-200,NUID-SB-000357,HD
Nokia,SB,SB-Pro,NUID-SB-000358,OTT
Skyworth,SB,VisionBox,NUID-SB-000359,HD
Airtel,SB,OTT-Max,NUID-SB-000360,OTT
Huawei,SB,SBX-100,NUID-SB-000361,HD
ZTE,SB,SBX-200,NUID-SB-000362,OTT
Nokia,SB,SB-Pro,NUID-SB-000363,HD
Skyworth,SB,VisionBox,NUID-SB-000364,OTT
Airtel,SB,OTT-Max,NUID-SB-000365,HD
Huawei,SB,SBX-100,NUID-SB-000366,OTT
ZTE,SB,SBX-200,NUID-SB-000367,HD
Nokia,SB,SB-Pro,NUID-SB-000368,OTT
Skyworth,SB,VisionBox,NUID-SB-000369,HD
Airtel,SB,OTT-Max,NUID-SB-000370,OTT
Huawei,SB,SBX-100,NUID-SB-000371,HD
ZTE,SB,SBX-200,NUID-SB-000372,OTT
Nokia,SB,SB-Pro,NUID-SB-000373,HD
Skyworth,SB,VisionBox,NUID-SB-000374,OTT
Airtel,SB,OTT-Max,NUID-SB-000375,HD
Huawei,SB,SBX-100,NUID-SB-000376,OTT
ZTE,SB,SBX-200,NUID-SB-000377,HD
Nokia,SB,SB-Pro,NUID-SB-000378,OTT
Skyworth,SB,VisionBox,NUID-SB-000379,HD
Airtel,SB,OTT-Max,NUID-SB-000380,OTT
Huawei,SB,SBX-100,NUID-SB-000381,HD
ZTE,SB,SBX-200,NUID-SB-000382,OTT
Nokia,SB,SB-Pro,NUID-SB-000383,HD
Skyworth,SB,VisionBox,NUID-SB-000384,OTT
Airtel,SB,OTT-Max,NUID-SB-000385,HD
Huawei,SB,SBX-100,NUID-SB-000386,OTT
ZTE,SB,SBX-200,NUID-SB-000387,HD
Nokia,SB,SB-Pro,NUID-SB-000388,OTT
Skyworth,SB,VisionBox,NUID-SB-000389,HD
Airtel,SB,OTT-Max,NUID-SB-000390,OTT
Huawei,SB,SBX-100,NUID-SB-000391,HD
ZTE,SB,SBX-200,NUID-SB-000392,OTT
Nokia,SB,SB-Pro,NUID-SB-000393,HD
Skyworth,SB,VisionBox,NUID-SB-000394,OTT
Airtel,SB,OTT-Max,NUID-SB-000395,HD
Huawei,SB,SBX-100,NUID-SB-000396,OTT
ZTE,SB,SBX-200,NUID-SB-000397,HD
Nokia,SB,SB-Pro,NUID-SB-000398,OTT
Skyworth,SB,VisionBox,NUID-SB-000399,HD
Airtel,SB,OTT-Max,NUID-SB-000400,OTT
Huawei,SB,SBX-100,NUID-SB-000401,HD
ZTE,SB,SBX-200,NUID-SB-000402,OTT
Nokia,SB,SB-Pro,NUID-SB-000403,HD
Skyworth,SB,VisionBox,NUID-SB-000404,OTT
Airtel,SB,OTT-Max,NUID-SB-000405,HD
Huawei,SB,SBX-100,NUID-SB-000406,OTT
ZTE,SB,SBX-200,NUID-SB-000407,HD
Nokia,SB,SB-Pro,NUID-SB-000408,OTT
Skyworth,SB,VisionBox,NUID-SB-000409,HD
Airtel,SB,OTT-Max,NUID-SB-000410,OTT
Huawei,SB,SBX-100,NUID-SB-000411,HD
ZTE,SB,SBX-200,NUID-SB-000412,OTT
Nokia,SB,SB-Pro,NUID-SB-000413,HD
Skyworth,SB,VisionBox,NUID-SB-000414,OTT
Airtel,SB,OTT-Max,NUID-SB-000415,HD
Huawei,SB,SBX-100,NUID-SB-000416,OTT
ZTE,SB,SBX-200,NUID-SB-000417,HD
Nokia,SB,SB-Pro,NUID-SB-000418,OTT
Skyworth,SB,VisionBox,NUID-SB-000419,HD
Airtel,SB,OTT-Max,NUID-SB-000420,OTT
Huawei,SB,SBX-100,NUID-SB-000421,HD
ZTE,SB,SBX-200,NUID-SB-000422,OTT
Nokia,SB,SB-Pro,NUID-SB-000423,HD
Skyworth,SB,VisionBox,NUID-SB-000424,OTT
Airtel,SB,OTT-Max,NUID-SB-000425,HD
Huawei,SB,SBX-100,NUID-SB-000426,OTT
ZTE,SB,SBX-200,NUID-SB-000427,HD
Nokia,SB,SB-Pro,NUID-SB-000428,OTT
Skyworth,SB,VisionBox,NUID-SB-000429,HD
Airtel,SB,OTT-Max,NUID-SB-000430,OTT
Huawei,SB,SBX-100,NUID-SB-000431,HD
ZTE,SB,SBX-200,NUID-SB-000432,OTT
Nokia,SB,SB-Pro,NUID-SB-000433,HD
Skyworth,SB,VisionBox,NUID-SB-000434,OTT
Airtel,SB,OTT-Max,NUID-SB-000435,HD
Huawei,SB,SBX-100,NUID-SB-000436,OTT
ZTE,SB,SBX-200,NUID-SB-000437,HD
Nokia,SB,SB-Pro,NUID-SB-000438,OTT
Skyworth,SB,VisionBox,NUID-SB-000439,HD
Airtel,SB,OTT-Max,NUID-SB-000440,OTT
Huawei,SB,SBX-100,NUID-SB-000441,HD
ZTE,SB,SBX-200,NUID-SB-000442,OTT
Nokia,SB,SB-Pro,NUID-SB-000443,HD
Skyworth,SB,VisionBox,NUID-SB-000444,OTT
Airtel,SB,OTT-Max,NUID-SB-000445,HD
Huawei,SB,SBX-100,NUID-SB-000446,OTT
ZTE,SB,SBX-200,NUID-SB-000447,HD
Nokia,SB,SB-Pro,NUID-SB-000448,OTT
Skyworth,SB,VisionBox,NUID-SB-000449,HD
Airtel,SB,OTT-Max,NUID-SB-000450,OTT
Huawei,SB,SBX-100,NUID-SB-000451,HD
ZTE,SB,SBX-200,NUID-SB-000452,OTT
Nokia,SB,SB-Pro,NUID-SB-000453,HD
Skyworth,SB,VisionBox,NUID-SB-000454,OTT
Airtel,SB,OTT-Max,NUID-SB-000455,HD
Huawei,SB,SBX-100,NUID-SB-000456,OTT
ZTE,SB,SBX-200,NUID-SB-000457,HD
Nokia,SB,SB-Pro,NUID-SB-000458,OTT
Skyworth,SB,VisionBox,NUID-SB-000459,HD
Airtel,SB,OTT-Max,NUID-SB-000460,OTT
Huawei,SB,SBX-100,NUID-SB-000461,HD
ZTE,SB,SBX-200,NUID-SB-000462,OTT
Nokia,SB,SB-Pro,NUID-SB-000463,HD
Skyworth,SB,VisionBox,NUID-SB-000464,OTT
Airtel,SB,OTT-Max,NUID-SB-000465,HD
Huawei,SB,SBX-100,NUID-SB-000466,OTT
ZTE,SB,SBX-200,NUID-SB-000467,HD
Nokia,SB,SB-Pro,NUID-SB-000468,OTT
Skyworth,SB,VisionBox,NUID-SB-000469,HD
Airtel,SB,OTT-Max,NUID-SB-000470,OTT
Huawei,SB,SBX-100,NUID-SB-000471,HD
ZTE,SB,SBX-200,NUID-SB-000472,OTT
Nokia,SB,SB-Pro,NUID-SB-000473,HD
Skyworth,SB,VisionBox,NUID-SB-000474,OTT
Airtel,SB,OTT-Max,NUID-SB-000475,HD
Huawei,SB,SBX-100,NUID-SB-000476,OTT
ZTE,SB,SBX-200,NUID-SB-000477,HD
Nokia,SB,SB-Pro,NUID-SB-000478,OTT
Skyworth,SB,VisionBox,NUID-SB-000479,HD
Airtel,SB,OTT-Max,NUID-SB-000480,OTT
Huawei,SB,SBX-100,NUID-SB-000481,HD
ZTE,SB,SBX-200,NUID-SB-000482,OTT
Nokia,SB,SB-Pro,NUID-SB-000483,HD
Skyworth,SB,VisionBox,NUID-SB-000484,OTT
Airtel,SB,OTT-Max,NUID-SB-000485,HD
Huawei,SB,SBX-100,NUID-SB-000486,OTT
ZTE,SB,SBX-200,NUID-SB-000487,HD
Nokia,SB,SB-Pro,NUID-SB-000488,OTT
Skyworth,SB,VisionBox,NUID-SB-000489,HD
Airtel,SB,OTT-Max,NUID-SB-000490,OTT
Huawei,SB,SBX-100,NUID-SB-000491,HD
ZTE,SB,SBX-200,NUID-SB-000492,OTT
Nokia,SB,SB-Pro,NUID-SB-000493,HD
Skyworth,SB,VisionBox,NUID-SB-000494,OTT
Airtel,SB,OTT-Max,NUID-SB-000495,HD
Huawei,SB,SBX-100,NUID-SB-000496,OTT
ZTE,SB,SBX-200,NUID-SB-000497,HD
Nokia,SB,SB-Pro,NUID-SB-000498,OTT
Skyworth,SB,VisionBox,NUID-SB-000499,HD
Airtel,SB,OTT-Max,NUID-SB-000500,OTT
Huawei,SB,SBX-100,NUID-SB-000501,HD
ZTE,SB,SBX-200,NUID-SB-000502,OTT
Nokia,SB,SB-Pro,NUID-SB-000503,HD
Skyworth,SB,VisionBox,NUID-SB-000504,OTT
Airtel,SB,OTT-Max,NUID-SB-000505,HD
Huawei,SB,SBX-100,NUID-SB-000506,OTT
ZTE,SB,SBX-200,NUID-SB-000507,HD
Nokia,SB,SB-Pro,NUID-SB-000508,OTT
Skyworth,SB,VisionBox,NUID-SB-000509,HD
Airtel,SB,OTT-Max,NUID-SB-000510,OTT
Huawei,SB,SBX-100,NUID-SB-000511,HD
ZTE,SB,SBX-200,NUID-SB-000512,OTT
Nokia,SB,SB-Pro,NUID-SB-000513,HD
Skyworth,SB,VisionBox,NUID-SB-000514,OTT
Airtel,SB,OTT-Max,NUID-SB-000515,HD
Huawei,SB,SBX-100,NUID-SB-000516,OTT
ZTE,SB,SBX-200,NUID-SB-000517,HD
Nokia,SB,SB-Pro,NUID-SB-000518,OTT
Skyworth,SB,VisionBox,NUID-SB-000519,HD
Airtel,SB,OTT-Max,NUID-SB-000520,OTT
Huawei,SB,SBX-100,NUID-SB-000521,HD
ZTE,SB,SBX-200,NUID-SB-000522,OTT
Nokia,SB,SB-Pro,NUID-SB-000523,HD
Skyworth,SB,VisionBox,NUID-SB-000524,OTT
Airtel,SB,OTT-Max,NUID-SB-000525,HD
Huawei,SB,SBX-100,NUID-SB-000526,OTT
ZTE,SB,SBX-200,NUID-SB-000527,HD
Nokia,SB,SB-Pro,NUID-SB-000528,OTT
Skyworth,SB,VisionBox,NUID-SB-000529,HD
Airtel,SB,OTT-Max,NUID-SB-000530,OTT
Huawei,SB,SBX-100,NUID-SB-000531,HD
ZTE,SB,SBX-200,NUID-SB-000532,OTT
Nokia,SB,SB-Pro,NUID-SB-000533,HD
Skyworth,SB,VisionBox,NUID-SB-000534,OTT
Airtel,SB,OTT-Max,NUID-SB-000535,HD
Huawei,SB,SBX-100,NUID-SB-000536,OTT
ZTE,SB,SBX-200,NUID-SB-000537,HD
Nokia,SB,SB-Pro,NUID-SB-000538,OTT
Skyworth,SB,VisionBox,NUID-SB-000539,HD
Airtel,SB,OTT-Max,NUID-SB-000540,OTT
Huawei,SB,SBX-100,NUID-SB-000541,HD
ZTE,SB,SBX-200,NUID-SB-000542,OTT
Nokia,SB,SB-Pro,NUID-SB-000543,HD
Skyworth,SB,VisionBox,NUID-SB-000544,OTT
Airtel,SB,OTT-Max,NUID-SB-000545,HD
Huawei,SB,SBX-100,NUID-SB-000546,OTT
ZTE,SB,SBX-200,NUID-SB-000547,HD
Nokia,SB,SB-Pro,NUID-SB-000548,OTT
Skyworth,SB,VisionBox,NUID-SB-000549,HD
Airtel,SB,OTT-Max,NUID-SB-000550,OTT
Huawei,SB,SBX-100,NUID-SB-000551,HD
ZTE,SB,SBX-200,NUID-SB-000552,OTT
Nokia,SB,SB-Pro,NUID-SB-000553,HD
Skyworth,SB,VisionBox,NUID-SB-000554,OTT
Airtel,SB,OTT-Max,NUID-SB-000555,HD
Huawei,SB,SBX-100,NUID-SB-000556,OTT
ZTE,SB,SBX-200,NUID-SB-000557,HD
Nokia,SB,SB-Pro,NUID-SB-000558,OTT
Skyworth,SB,VisionBox,NUID-SB-000559,HD
Airtel,SB,OTT-Max,NUID-SB-000560,OTT
Huawei,SB,SBX-100,NUID-SB-000561,HD
ZTE,SB,SBX-200,NUID-SB-000562,OTT
Nokia,SB,SB-Pro,NUID-SB-000563,HD
Skyworth,SB,VisionBox,NUID-SB-000564,OTT
Airtel,SB,OTT-Max,NUID-SB-000565,HD
Huawei,SB,SBX-100,NUID-SB-000566,OTT
ZTE,SB,SBX-200,NUID-SB-000567,HD
Nokia,SB,SB-Pro,NUID-SB-000568,OTT
Skyworth,SB,VisionBox,NUID-SB-000569,HD
Airtel,SB,OTT-Max,NUID-SB-000570,OTT
Huawei,SB,SBX-100,NUID-SB-000571,HD
ZTE,SB,SBX-200,NUID-SB-000572,OTT
Nokia,SB,SB-Pro,NUID-SB-000573,HD
Skyworth,SB,VisionBox,NUID-SB-000574,OTT
Airtel,SB,OTT-Max,NUID-SB-000575,HD
Huawei,SB,SBX-100,NUID-SB-000576,OTT
ZTE,SB,SBX-200,NUID-SB-000577,HD
Nokia,SB,SB-Pro,NUID-SB-000578,OTT
Skyworth,SB,VisionBox,NUID-SB-000579,HD
Airtel,SB,OTT-Max,NUID-SB-000580,OTT
Huawei,SB,SBX-100,NUID-SB-000581,HD
ZTE,SB,SBX-200,NUID-SB-000582,OTT
Nokia,SB,SB-Pro,NUID-SB-000583,HD
Skyworth,SB,VisionBox,NUID-SB-000584,OTT
Airtel,SB,OTT-Max,NUID-SB-000585,HD
Huawei,SB,SBX-100,NUID-SB-000586,OTT
ZTE,SB,SBX-200,NUID-SB-000587,HD
Nokia,SB,SB-Pro,NUID-SB-000588,OTT
Skyworth,SB,VisionBox,NUID-SB-000589,HD
Airtel,SB,OTT-Max,NUID-SB-000590,OTT
Huawei,SB,SBX-100,NUID-SB-000591,HD
ZTE,SB,SBX-200,NUID-SB-000592,OTT
Nokia,SB,SB-Pro,NUID-SB-000593,HD
Skyworth,SB,VisionBox,NUID-SB-000594,OTT
Airtel,SB,OTT-Max,NUID-SB-000595,HD
Huawei,SB,SBX-100,NUID-SB-000596,OTT
ZTE,SB,SBX-200,NUID-SB-000597,HD
Nokia,SB,SB-Pro,NUID-SB-000598,OTT
Skyworth,SB,VisionBox,NUID-SB-000599,HD
Airtel,SB,OTT-Max,NUID-SB-000600,OTT
Huawei,SB,SBX-100,NUID-SB-000601,HD
ZTE,SB,SBX-200,NUID-SB-000602,OTT
Nokia,SB,SB-Pro,NUID-SB-000603,HD
Skyworth,SB,VisionBox,NUID-SB-000604,OTT
Airtel,SB,OTT-Max,NUID-SB-000605,HD
Huawei,SB,SBX-100,NUID-SB-000606,OTT
ZTE,SB,SBX-200,NUID-SB-000607,HD
Nokia,SB,SB-Pro,NUID-SB-000608,OTT
Skyworth,SB,VisionBox,NUID-SB-000609,HD
Airtel,SB,OTT-Max,NUID-SB-000610,OTT
Huawei,SB,SBX-100,NUID-SB-000611,HD
ZTE,SB,SBX-200,NUID-SB-000612,OTT
Nokia,SB,SB-Pro,NUID-SB-000613,HD
Skyworth,SB,VisionBox,NUID-SB-000614,OTT
Airtel,SB,OTT-Max,NUID-SB-000615,HD
Huawei,SB,SBX-100,NUID-SB-000616,OTT
ZTE,SB,SBX-200,NUID-SB-000617,HD
Nokia,SB,SB-Pro,NUID-SB-000618,OTT
Skyworth,SB,VisionBox,NUID-SB-000619,HD
Airtel,SB,OTT-Max,NUID-SB-000620,OTT
Huawei,SB,SBX-100,NUID-SB-000621,HD
ZTE,SB,SBX-200,NUID-SB-000622,OTT
Nokia,SB,SB-Pro,NUID-SB-000623,HD
Skyworth,SB,VisionBox,NUID-SB-000624,OTT
Airtel,SB,OTT-Max,NUID-SB-000625,HD
Huawei,SB,SBX-100,NUID-SB-000626,OTT
ZTE,SB,SBX-200,NUID-SB-000627,HD
Nokia,SB,SB-Pro,NUID-SB-000628,OTT
Skyworth,SB,VisionBox,NUID-SB-000629,HD
Airtel,SB,OTT-Max,NUID-SB-000630,OTT
Huawei,SB,SBX-100,NUID-SB-000631,HD
ZTE,SB,SBX-200,NUID-SB-000632,OTT
Nokia,SB,SB-Pro,NUID-SB-000633,HD
Skyworth,SB,VisionBox,NUID-SB-000634,OTT
Airtel,SB,OTT-Max,NUID-SB-000635,HD
Huawei,SB,SBX-100,NUID-SB-000636,OTT
ZTE,SB,SBX-200,NUID-SB-000637,HD
Nokia,SB,SB-Pro,NUID-SB-000638,OTT
Skyworth,SB,VisionBox,NUID-SB-000639,HD
Airtel,SB,OTT-Max,NUID-SB-000640,OTT
Huawei,SB,SBX-100,NUID-SB-000641,HD
ZTE,SB,SBX-200,NUID-SB-000642,OTT
Nokia,SB,SB-Pro,NUID-SB-000643,HD
Skyworth,SB,VisionBox,NUID-SB-000644,OTT
Airtel,SB,OTT-Max,NUID-SB-000645,HD
Huawei,SB,SBX-100,NUID-SB-000646,OTT
ZTE,SB,SBX-200,NUID-SB-000647,HD
Nokia,SB,SB-Pro,NUID-SB-000648,OTT
Skyworth,SB,VisionBox,NUID-SB-000649,HD
Airtel,SB,OTT-Max,NUID-SB-000650,OTT
Huawei,SB,SBX-100,NUID-SB-000651,HD
ZTE,SB,SBX-200,NUID-SB-000652,OTT
Nokia,SB,SB-Pro,NUID-SB-000653,HD
Skyworth,SB,VisionBox,NUID-SB-000654,OTT
Airtel,SB,OTT-Max,NUID-SB-000655,HD
Huawei,SB,SBX-100,NUID-SB-000656,OTT
ZTE,SB,SBX-200,NUID-SB-000657,HD
Nokia,SB,SB-Pro,NUID-SB-000658,OTT
Skyworth,SB,VisionBox,NUID-SB-000659,HD
Airtel,SB,OTT-Max,NUID-SB-000660,OTT
Huawei,SB,SBX-100,NUID-SB-000661,HD
ZTE,SB,SBX-200,NUID-SB-000662,OTT
Nokia,SB,SB-Pro,NUID-SB-000663,HD
Skyworth,SB,VisionBox,NUID-SB-000664,OTT
Airtel,SB,OTT-Max,NUID-SB-000665,HD
Huawei,SB,SBX-100,NUID-SB-000666,OTT
ZTE,SB,SBX-200,NUID-SB-000667,HD
Nokia,SB,SB-Pro,NUID-SB-000668,OTT
Skyworth,SB,VisionBox,NUID-SB-000669,HD
Airtel,SB,OTT-Max,NUID-SB-000670,OTT
Huawei,SB,SBX-100,NUID-SB-000671,HD
ZTE,SB,SBX-200,NUID-SB-000672,OTT
Nokia,SB,SB-Pro,NUID-SB-000673,HD
Skyworth,SB,VisionBox,NUID-SB-000674,OTT
Airtel,SB,OTT-Max,NUID-SB-000675,HD
Huawei,SB,SBX-100,NUID-SB-000676,OTT
ZTE,SB,SBX-200,NUID-SB-000677,HD
Nokia,SB,SB-Pro,NUID-SB-000678,OTT
Skyworth,SB,VisionBox,NUID-SB-000679,HD
Airtel,SB,OTT-Max,NUID-SB-000680,OTT
Huawei,SB,SBX-100,NUID-SB-000681,HD
ZTE,SB,SBX-200,NUID-SB-000682,OTT
Nokia,SB,SB-Pro,NUID-SB-000683,HD
Skyworth,SB,VisionBox,NUID-SB-000684,OTT
Airtel,SB,OTT-Max,NUID-SB-000685,HD
Huawei,SB,SBX-100,NUID-SB-000686,OTT
ZTE,SB,SBX-200,NUID-SB-000687,HD
Nokia,SB,SB-Pro,NUID-SB-000688,OTT
Skyworth,SB,VisionBox,NUID-SB-000689,HD
Airtel,SB,OTT-Max,NUID-SB-000690,OTT
Huawei,SB,SBX-100,NUID-SB-000691,HD
ZTE,SB,SBX-200,NUID-SB-000692,OTT
Nokia,SB,SB-Pro,NUID-SB-000693,HD
Skyworth,SB,VisionBox,NUID-SB-000694,OTT
Airtel,SB,OTT-Max,NUID-SB-000695,HD
Huawei,SB,SBX-100,NUID-SB-000696,OTT
ZTE,SB,SBX-200,NUID-SB-000697,HD
Nokia,SB,SB-Pro,NUID-SB-000698,OTT
Skyworth,SB,VisionBox,NUID-SB-000699,HD
Airtel,SB,OTT-Max,NUID-SB-000700,OTT
Huawei,SB,SBX-100,NUID-SB-000701,HD
ZTE,SB,SBX-200,NUID-SB-000702,OTT
Nokia,SB,SB-Pro,NUID-SB-000703,HD
Skyworth,SB,VisionBox,NUID-SB-000704,OTT
Airtel,SB,OTT-Max,NUID-SB-000705,HD
Huawei,SB,SBX-100,NUID-SB-000706,OTT
ZTE,SB,SBX-200,NUID-SB-000707,HD
Nokia,SB,SB-Pro,NUID-SB-000708,OTT
Skyworth,SB,VisionBox,NUID-SB-000709,HD
Airtel,SB,OTT-Max,NUID-SB-000710,OTT
Huawei,SB,SBX-100,NUID-SB-000711,HD
ZTE,SB,SBX-200,NUID-SB-000712,OTT
Nokia,SB,SB-Pro,NUID-SB-000713,HD
Skyworth,SB,VisionBox,NUID-SB-000714,OTT
Airtel,SB,OTT-Max,NUID-SB-000715,HD
Huawei,SB,SBX-100,NUID-SB-000716,OTT
ZTE,SB,SBX-200,NUID-SB-000717,HD
Nokia,SB,SB-Pro,NUID-SB-000718,OTT
Skyworth,SB,VisionBox,NUID-SB-000719,HD
Airtel,SB,OTT-Max,NUID-SB-000720,OTT
Huawei,SB,SBX-100,NUID-SB-000721,HD
ZTE,SB,SBX-200,NUID-SB-000722,OTT
Nokia,SB,SB-Pro,NUID-SB-000723,HD
Skyworth,SB,VisionBox,NUID-SB-000724,OTT
Airtel,SB,OTT-Max,NUID-SB-000725,HD
Huawei,SB,SBX-100,NUID-SB-000726,OTT
ZTE,SB,SBX-200,NUID-SB-000727,HD
Nokia,SB,SB-Pro,NUID-SB-000728,OTT
Skyworth,SB,VisionBox,NUID-SB-000729,HD
Airtel,SB,OTT-Max,NUID-SB-000730,OTT
Huawei,SB,SBX-100,NUID-SB-000731,HD
ZTE,SB,SBX-200,NUID-SB-000732,OTT
Nokia,SB,SB-Pro,NUID-SB-000733,HD
Skyworth,SB,VisionBox,NUID-SB-000734,OTT
Airtel,SB,OTT-Max,NUID-SB-000735,HD
Huawei,SB,SBX-100,NUID-SB-000736,OTT
ZTE,SB,SBX-200,NUID-SB-000737,HD
Nokia,SB,SB-Pro,NUID-SB-000738,OTT
Skyworth,SB,VisionBox,NUID-SB-000739,HD
Airtel,SB,OTT-Max,NUID-SB-000740,OTT
Huawei,SB,SBX-100,NUID-SB-000741,HD
ZTE,SB,SBX-200,NUID-SB-000742,OTT
Nokia,SB,SB-Pro,NUID-SB-000743,HD
Skyworth,SB,VisionBox,NUID-SB-000744,OTT
Airtel,SB,OTT-Max,NUID-SB-000745,HD
Huawei,SB,SBX-100,NUID-SB-000746,OTT
ZTE,SB,SBX-200,NUID-SB-000747,HD
Nokia,SB,SB-Pro,NUID-SB-000748,OTT
Skyworth,SB,VisionBox,NUID-SB-000749,HD
Airtel,SB,OTT-Max,NUID-SB-000750,OTT
Huawei,SB,SBX-100,NUID-SB-000751,HD
ZTE,SB,SBX-200,NUID-SB-000752,OTT
Nokia,SB,SB-Pro,NUID-SB-000753,HD
Skyworth,SB,VisionBox,NUID-SB-000754,OTT
Airtel,SB,OTT-Max,NUID-SB-000755,HD
Huawei,SB,SBX-100,NUID-SB-000756,OTT
ZTE,SB,SBX-200,NUID-SB-000757,HD
Nokia,SB,SB-Pro,NUID-SB-000758,OTT
Skyworth,SB,VisionBox,NUID-SB-000759,HD
Airtel,SB,OTT-Max,NUID-SB-000760,OTT
Huawei,SB,SBX-100,NUID-SB-000761,HD
ZTE,SB,SBX-200,NUID-SB-000762,OTT
Nokia,SB,SB-Pro,NUID-SB-000763,HD
Skyworth,SB,VisionBox,NUID-SB-000764,OTT
Airtel,SB,OTT-Max,NUID-SB-000765,HD
Huawei,SB,SBX-100,NUID-SB-000766,OTT
ZTE,SB,SBX-200,NUID-SB-000767,HD
Nokia,SB,SB-Pro,NUID-SB-000768,OTT
Skyworth,SB,VisionBox,NUID-SB-000769,HD
Airtel,SB,OTT-Max,NUID-SB-000770,OTT
Huawei,SB,SBX-100,NUID-SB-000771,HD
ZTE,SB,SBX-200,NUID-SB-000772,OTT
Nokia,SB,SB-Pro,NUID-SB-000773,HD
Skyworth,SB,VisionBox,NUID-SB-000774,OTT
Airtel,SB,OTT-Max,NUID-SB-000775,HD
Huawei,SB,SBX-100,NUID-SB-000776,OTT
ZTE,SB,SBX-200,NUID-SB-000777,HD
Nokia,SB,SB-Pro,NUID-SB-000778,OTT
Skyworth,SB,VisionBox,NUID-SB-000779,HD
Airtel,SB,OTT-Max,NUID-SB-000780,OTT
Huawei,SB,SBX-100,NUID-SB-000781,HD
ZTE,SB,SBX-200,NUID-SB-000782,OTT
Nokia,SB,SB-Pro,NUID-SB-000783,HD
Skyworth,SB,VisionBox,NUID-SB-000784,OTT
Airtel,SB,OTT-Max,NUID-SB-000785,HD
Huawei,SB,SBX-100,NUID-SB-000786,OTT
ZTE,SB,SBX-200,NUID-SB-000787,HD
Nokia,SB,SB-Pro,NUID-SB-000788,OTT
Skyworth,SB,VisionBox,NUID-SB-000789,HD
Airtel,SB,OTT-Max,NUID-SB-000790,OTT
Huawei,SB,SBX-100,NUID-SB-000791,HD
ZTE,SB,SBX-200,NUID-SB-000792,OTT
Nokia,SB,SB-Pro,NUID-SB-000793,HD
Skyworth,SB,VisionBox,NUID-SB-000794,OTT
Airtel,SB,OTT-Max,NUID-SB-000795,HD
Huawei,SB,SBX-100,NUID-SB-000796,OTT
ZTE,SB,SBX-200,NUID-SB-000797,HD
Nokia,SB,SB-Pro,NUID-SB-000798,OTT
Skyworth,SB,VisionBox,NUID-SB-000799,HD
Airtel,SB,OTT-Max,NUID-SB-000800,OTT
Huawei,SB,SBX-100,NUID-SB-000801,HD
ZTE,SB,SBX-200,NUID-SB-000802,OTT
Nokia,SB,SB-Pro,NUID-SB-000803,HD
Skyworth,SB,VisionBox,NUID-SB-000804,OTT
Airtel,SB,OTT-Max,NUID-SB-000805,HD
Huawei,SB,SBX-100,NUID-SB-000806,OTT
ZTE,SB,SBX-200,NUID-SB-000807,HD
Nokia,SB,SB-Pro,NUID-SB-000808,OTT
Skyworth,SB,VisionBox,NUID-SB-000809,HD
Airtel,SB,OTT-Max,NUID-SB-000810,OTT
Huawei,SB,SBX-100,NUID-SB-000811,HD
ZTE,SB,SBX-200,NUID-SB-000812,OTT
Nokia,SB,SB-Pro,NUID-SB-000813,HD
Skyworth,SB,VisionBox,NUID-SB-000814,OTT
Airtel,SB,OTT-Max,NUID-SB-000815,HD
Huawei,SB,SBX-100,NUID-SB-000816,OTT
ZTE,SB,SBX-200,NUID-SB-000817,HD
Nokia,SB,SB-Pro,NUID-SB-000818,OTT
Skyworth,SB,VisionBox,NUID-SB-000819,HD
Airtel,SB,OTT-Max,NUID-SB-000820,OTT
Huawei,SB,SBX-100,NUID-SB-000821,HD
ZTE,SB,SBX-200,NUID-SB-000822,OTT
Nokia,SB,SB-Pro,NUID-SB-000823,HD
Skyworth,SB,VisionBox,NUID-SB-000824,OTT
Airtel,SB,OTT-Max,NUID-SB-000825,HD
Huawei,SB,SBX-100,NUID-SB-000826,OTT
ZTE,SB,SBX-200,NUID-SB-000827,HD
Nokia,SB,SB-Pro,NUID-SB-000828,OTT
Skyworth,SB,VisionBox,NUID-SB-000829,HD
Airtel,SB,OTT-Max,NUID-SB-000830,OTT
Huawei,SB,SBX-100,NUID-SB-000831,HD
ZTE,SB,SBX-200,NUID-SB-000832,OTT
Nokia,SB,SB-Pro,NUID-SB-000833,HD
Skyworth,SB,VisionBox,NUID-SB-000834,OTT
Airtel,SB,OTT-Max,NUID-SB-000835,HD
Huawei,SB,SBX-100,NUID-SB-000836,OTT
ZTE,SB,SBX-200,NUID-SB-000837,HD
Nokia,SB,SB-Pro,NUID-SB-000838,OTT
Skyworth,SB,VisionBox,NUID-SB-000839,HD
Airtel,SB,OTT-Max,NUID-SB-000840,OTT
Huawei,SB,SBX-100,NUID-SB-000841,HD
ZTE,SB,SBX-200,NUID-SB-000842,OTT
Nokia,SB,SB-Pro,NUID-SB-000843,HD
Skyworth,SB,VisionBox,NUID-SB-000844,OTT
Airtel,SB,OTT-Max,NUID-SB-000845,HD
Huawei,SB,SBX-100,NUID-SB-000846,OTT
ZTE,SB,SBX-200,NUID-SB-000847,HD
Nokia,SB,SB-Pro,NUID-SB-000848,OTT
Skyworth,SB,VisionBox,NUID-SB-000849,HD
Airtel,SB,OTT-Max,NUID-SB-000850,OTT
Huawei,SB,SBX-100,NUID-SB-000851,HD
ZTE,SB,SBX-200,NUID-SB-000852,OTT
Nokia,SB,SB-Pro,NUID-SB-000853,HD
Skyworth,SB,VisionBox,NUID-SB-000854,OTT
Airtel,SB,OTT-Max,NUID-SB-000855,HD
Huawei,SB,SBX-100,NUID-SB-000856,OTT
ZTE,SB,SBX-200,NUID-SB-000857,HD
Nokia,SB,SB-Pro,NUID-SB-000858,OTT
Skyworth,SB,VisionBox,NUID-SB-000859,HD
Airtel,SB,OTT-Max,NUID-SB-000860,OTT
Huawei,SB,SBX-100,NUID-SB-000861,HD
ZTE,SB,SBX-200,NUID-SB-000862,OTT
Nokia,SB,SB-Pro,NUID-SB-000863,HD
Skyworth,SB,VisionBox,NUID-SB-000864,OTT
Airtel,SB,OTT-Max,NUID-SB-000865,HD
Huawei,SB,SBX-100,NUID-SB-000866,OTT
ZTE,SB,SBX-200,NUID-SB-000867,HD
Nokia,SB,SB-Pro,NUID-SB-000868,OTT
Skyworth,SB,VisionBox,NUID-SB-000869,HD
Airtel,SB,OTT-Max,NUID-SB-000870,OTT
Huawei,SB,SBX-100,NUID-SB-000871,HD
ZTE,SB,SBX-200,NUID-SB-000872,OTT
Nokia,SB,SB-Pro,NUID-SB-000873,HD
Skyworth,SB,VisionBox,NUID-SB-000874,OTT
Airtel,SB,OTT-Max,NUID-SB-000875,HD
Huawei,SB,SBX-100,NUID-SB-000876,OTT
ZTE,SB,SBX-200,NUID-SB-000877,HD
Nokia,SB,SB-Pro,NUID-SB-000878,OTT
Skyworth,SB,VisionBox,NUID-SB-000879,HD
Airtel,SB,OTT-Max,NUID-SB-000880,OTT
Huawei,SB,SBX-100,NUID-SB-000881,HD
ZTE,SB,SBX-200,NUID-SB-000882,OTT
Nokia,SB,SB-Pro,NUID-SB-000883,HD
Skyworth,SB,VisionBox,NUID-SB-000884,OTT
Airtel,SB,OTT-Max,NUID-SB-000885,HD
Huawei,SB,SBX-100,NUID-SB-000886,OTT
ZTE,SB,SBX-200,NUID-SB-000887,HD
Nokia,SB,SB-Pro,NUID-SB-000888,OTT
Skyworth,SB,VisionBox,NUID-SB-000889,HD
Airtel,SB,OTT-Max,NUID-SB-000890,OTT
Huawei,SB,SBX-100,NUID-SB-000891,HD
ZTE,SB,SBX-200,NUID-SB-000892,OTT
Nokia,SB,SB-Pro,NUID-SB-000893,HD
Skyworth,SB,VisionBox,NUID-SB-000894,OTT
Airtel,SB,OTT-Max,NUID-SB-000895,HD
Huawei,SB,SBX-100,NUID-SB-000896,OTT
ZTE,SB,SBX-200,NUID-SB-000897,HD
Nokia,SB,SB-Pro,NUID-SB-000898,OTT
Skyworth,SB,VisionBox,NUID-SB-000899,HD
Airtel,SB,OTT-Max,NUID-SB-000900,OTT
Huawei,SB,SBX-100,NUID-SB-000901,HD
ZTE,SB,SBX-200,NUID-SB-000902,OTT
Nokia,SB,SB-Pro,NUID-SB-000903,HD
Skyworth,SB,VisionBox,NUID-SB-000904,OTT
Airtel,SB,OTT-Max,NUID-SB-000905,HD
Huawei,SB,SBX-100,NUID-SB-000906,OTT
ZTE,SB,SBX-200,NUID-SB-000907,HD
Nokia,SB,SB-Pro,NUID-SB-000908,OTT
Skyworth,SB,VisionBox,NUID-SB-000909,HD
Airtel,SB,OTT-Max,NUID-SB-000910,OTT
Huawei,SB,SBX-100,NUID-SB-000911,HD
ZTE,SB,SBX-200,NUID-SB-000912,OTT
Nokia,SB,SB-Pro,NUID-SB-000913,HD
Skyworth,SB,VisionBox,NUID-SB-000914,OTT
Airtel,SB,OTT-Max,NUID-SB-000915,HD
Huawei,SB,SBX-100,NUID-SB-000916,OTT
ZTE,SB,SBX-200,NUID-SB-000917,HD
Nokia,SB,SB-Pro,NUID-SB-000918,OTT
Skyworth,SB,VisionBox,NUID-SB-000919,HD
Airtel,SB,OTT-Max,NUID-SB-000920,OTT
Huawei,SB,SBX-100,NUID-SB-000921,HD
ZTE,SB,SBX-200,NUID-SB-000922,OTT
Nokia,SB,SB-Pro,NUID-SB-000923,HD
Skyworth,SB,VisionBox,NUID-SB-000924,OTT
Airtel,SB,OTT-Max,NUID-SB-000925,HD
Huawei,SB,SBX-100,NUID-SB-000926,OTT
ZTE,SB,SBX-200,NUID-SB-000927,HD
Nokia,SB,SB-Pro,NUID-SB-000928,OTT
Skyworth,SB,VisionBox,NUID-SB-000929,HD
Airtel,SB,OTT-Max,NUID-SB-000930,OTT
Huawei,SB,SBX-100,NUID-SB-000931,HD
ZTE,SB,SBX-200,NUID-SB-000932,OTT
Nokia,SB,SB-Pro,NUID-SB-000933,HD
Skyworth,SB,VisionBox,NUID-SB-000934,OTT
Airtel,SB,OTT-Max,NUID-SB-000935,HD
Huawei,SB,SBX-100,NUID-SB-000936,OTT
ZTE,SB,SBX-200,NUID-SB-000937,HD
Nokia,SB,SB-Pro,NUID-SB-000938,OTT
Skyworth,SB,VisionBox,NUID-SB-000939,HD
Airtel,SB,OTT-Max,NUID-SB-000940,OTT
Huawei,SB,SBX-100,NUID-SB-000941,HD
ZTE,SB,SBX-200,NUID-SB-000942,OTT
Nokia,SB,SB-Pro,NUID-SB-000943,HD
Skyworth,SB,VisionBox,NUID-SB-000944,OTT
Airtel,SB,OTT-Max,NUID-SB-000945,HD
Huawei,SB,SBX-100,NUID-SB-000946,OTT
ZTE,SB,SBX-200,NUID-SB-000947,HD
Nokia,SB,SB-Pro,NUID-SB-000948,OTT
Skyworth,SB,VisionBox,NUID-SB-000949,HD
Airtel,SB,OTT-Max,NUID-SB-000950,OTT
Huawei,SB,SBX-100,NUID-SB-000951,HD
ZTE,SB,SBX-200,NUID-SB-000952,OTT
Nokia,SB,SB-Pro,NUID-SB-000953,HD
Skyworth,SB,VisionBox,NUID-SB-000954,OTT
Airtel,SB,OTT-Max,NUID-SB-000955,HD
Huawei,SB,SBX-100,NUID-SB-000956,OTT
ZTE,SB,SBX-200,NUID-SB-000957,HD
Nokia,SB,SB-Pro,NUID-SB-000958,OTT
Skyworth,SB,VisionBox,NUID-SB-000959,HD
Airtel,SB,OTT-Max,NUID-SB-000960,OTT
Huawei,SB,SBX-100,NUID-SB-000961,HD
ZTE,SB,SBX-200,NUID-SB-000962,OTT
Nokia,SB,SB-Pro,NUID-SB-000963,HD
Skyworth,SB,VisionBox,NUID-SB-000964,OTT
Airtel,SB,OTT-Max,NUID-SB-000965,HD
Huawei,SB,SBX-100,NUID-SB-000966,OTT
ZTE,SB,SBX-200,NUID-SB-000967,HD
Nokia,SB,SB-Pro,NUID-SB-000968,OTT
Skyworth,SB,VisionBox,NUID-SB-000969,HD
Airtel,SB,OTT-Max,NUID-SB-000970,OTT
Huawei,SB,SBX-100,NUID-SB-000971,HD
ZTE,SB,SBX-200,NUID-SB-000972,OTT
Nokia,SB,SB-Pro,NUID-SB-000973,HD
Skyworth,SB,VisionBox,NUID-SB-000974,OTT
Airtel,SB,OTT-Max,NUID-SB-000975,HD
Huawei,SB,SBX-100,NUID-SB-000976,OTT
ZTE,SB,SBX-200,NUID-SB-000977,HD
Nokia,SB,SB-Pro,NUID-SB-000978,OTT
Skyworth,SB,VisionBox,NUID-SB-000979,HD
Airtel,SB,OTT-Max,NUID-SB-000980,OTT
Huawei,SB,SBX-100,NUID-SB-000981,HD
ZTE,SB,SBX-200,NUID-SB-000982,OTT
Nokia,SB,SB-Pro,NUID-SB-000983,HD
Skyworth,SB,VisionBox,NUID-SB-000984,OTT
Airtel,SB,OTT-Max,NUID-SB-000985,HD
Huawei,SB,SBX-100,NUID-SB-000986,OTT
ZTE,SB,SBX-200,NUID-SB-000987,HD
Nokia,SB,SB-Pro,NUID-SB-000988,OTT
Skyworth,SB,VisionBox,NUID-SB-000989,HD
Airtel,SB,OTT-Max,NUID-SB-000990,OTT
Huawei,SB,SBX-100,NUID-SB-000991,HD
ZTE,SB,SBX-200,NUID-SB-000992,OTT
Nokia,SB,SB-Pro,NUID-SB-000993,HD
Skyworth,SB,VisionBox,NUID-SB-000994,OTT
Airtel,SB,OTT-Max,NUID-SB-000995,HD
Huawei,SB,SBX-100,NUID-SB-000996,OTT
ZTE,SB,SBX-200,NUID-SB-000997,HD
Nokia,SB,SB-Pro,NUID-SB-000998,OTT
Skyworth,SB,VisionBox,NUID-SB-000999,HD
Airtel,SB,OTT-Max,NUID-SB-001000,OTT
Huawei,SB,SBX-100,NUID-SB-001001,HD
ZTE,SB,SBX-200,NUID-SB-001002,OTT
Nokia,SB,SB-Pro,NUID-SB-001003,HD
Skyworth,SB,VisionBox,NUID-SB-001004,OTT
Airtel,SB,OTT-Max,NUID-SB-001005,HD
Huawei,SB,SBX-100,NUID-SB-001006,OTT
ZTE,SB,SBX-200,NUID-SB-001007,HD
Nokia,SB,SB-Pro,NUID-SB-001008,OTT
Skyworth,SB,VisionBox,NUID-SB-001009,HD
Airtel,SB,OTT-Max,NUID-SB-001010,OTT
Huawei,SB,SBX-100,NUID-SB-001011,HD
ZTE,SB,SBX-200,NUID-SB-001012,OTT
Nokia,SB,SB-Pro,NUID-SB-001013,HD
Skyworth,SB,VisionBox,NUID-SB-001014,OTT
Airtel,SB,OTT-Max,NUID-SB-001015,HD
Huawei,SB,SBX-100,NUID-SB-001016,OTT
ZTE,SB,SBX-200,NUID-SB-001017,HD
Nokia,SB,SB-Pro,NUID-SB-001018,OTT
Skyworth,SB,VisionBox,NUID-SB-001019,HD
Airtel,SB,OTT-Max,NUID-SB-001020,OTT
Huawei,SB,SBX-100,NUID-SB-001021,HD
ZTE,SB,SBX-200,NUID-SB-001022,OTT
Nokia,SB,SB-Pro,NUID-SB-001023,HD
Skyworth,SB,VisionBox,NUID-SB-001024,OTT
Airtel,SB,OTT-Max,NUID-SB-001025,HD
Huawei,SB,SBX-100,NUID-SB-001026,OTT
ZTE,SB,SBX-200,NUID-SB-001027,HD
Nokia,SB,SB-Pro,NUID-SB-001028,OTT
Skyworth,SB,VisionBox,NUID-SB-001029,HD
Airtel,SB,OTT-Max,NUID-SB-001030,OTT
Huawei,SB,SBX-100,NUID-SB-001031,HD
ZTE,SB,SBX-200,NUID-SB-001032,OTT
Nokia,SB,SB-Pro,NUID-SB-001033,HD
Skyworth,SB,VisionBox,NUID-SB-001034,OTT
Airtel,SB,OTT-Max,NUID-SB-001035,HD
Huawei,SB,SBX-100,NUID-SB-001036,OTT
ZTE,SB,SBX-200,NUID-SB-001037,HD
Nokia,SB,SB-Pro,NUID-SB-001038,OTT
Skyworth,SB,VisionBox,NUID-SB-001039,HD
Airtel,SB,OTT-Max,NUID-SB-001040,OTT
Huawei,SB,SBX-100,NUID-SB-001041,HD
ZTE,SB,SBX-200,NUID-SB-001042,OTT
Nokia,SB,SB-Pro,NUID-SB-001043,HD
Skyworth,SB,VisionBox,NUID-SB-001044,OTT
Airtel,SB,OTT-Max,NUID-SB-001045,HD
Huawei,SB,SBX-100,NUID-SB-001046,OTT
ZTE,SB,SBX-200,NUID-SB-001047,HD
Nokia,SB,SB-Pro,NUID-SB-001048,OTT
Skyworth,SB,VisionBox,NUID-SB-001049,HD
Airtel,SB,OTT-Max,NUID-SB-001050,OTT
Huawei,SB,SBX-100,NUID-SB-001051,HD
ZTE,SB,SBX-200,NUID-SB-001052,OTT
Nokia,SB,SB-Pro,NUID-SB-001053,HD
Skyworth,SB,VisionBox,NUID-SB-001054,OTT
Airtel,SB,OTT-Max,NUID-SB-001055,HD
Huawei,SB,SBX-100,NUID-SB-001056,OTT
ZTE,SB,SBX-200,NUID-SB-001057,HD
Nokia,SB,SB-Pro,NUID-SB-001058,OTT
Skyworth,SB,VisionBox,NUID-SB-001059,HD
Airtel,SB,OTT-Max,NUID-SB-001060,OTT
Huawei,SB,SBX-100,NUID-SB-001061,HD
ZTE,SB,SBX-200,NUID-SB-001062,OTT
Nokia,SB,SB-Pro,NUID-SB-001063,HD
Skyworth,SB,VisionBox,NUID-SB-001064,OTT
Airtel,SB,OTT-Max,NUID-SB-001065,HD
Huawei,SB,SBX-100,NUID-SB-001066,OTT
ZTE,SB,SBX-200,NUID-SB-001067,HD
Nokia,SB,SB-Pro,NUID-SB-001068,OTT
Skyworth,SB,VisionBox,NUID-SB-001069,HD
Airtel,SB,OTT-Max,NUID-SB-001070,OTT
Huawei,SB,SBX-100,NUID-SB-001071,HD
ZTE,SB,SBX-200,NUID-SB-001072,OTT
Nokia,SB,SB-Pro,NUID-SB-001073,HD
Skyworth,SB,VisionBox,NUID-SB-001074,OTT
Airtel,SB,OTT-Max,NUID-SB-001075,HD
Huawei,SB,SBX-100,NUID-SB-001076,OTT
ZTE,SB,SBX-200,NUID-SB-001077,HD
Nokia,SB,SB-Pro,NUID-SB-001078,OTT
Skyworth,SB,VisionBox,NUID-SB-001079,HD
Airtel,SB,OTT-Max,NUID-SB-001080,OTT
Huawei,SB,SBX-100,NUID-SB-001081,HD
ZTE,SB,SBX-200,NUID-SB-001082,OTT
Nokia,SB,SB-Pro,NUID-SB-001083,HD
Skyworth,SB,VisionBox,NUID-SB-001084,OTT
Airtel,SB,OTT-Max,NUID-SB-001085,HD
Huawei,SB,SBX-100,NUID-SB-001086,OTT
ZTE,SB,SBX-200,NUID-SB-001087,HD
Nokia,SB,SB-Pro,NUID-SB-001088,OTT
Skyworth,SB,VisionBox,NUID-SB-001089,HD
Airtel,SB,OTT-Max,NUID-SB-001090,OTT
Huawei,SB,SBX-100,NUID-SB-001091,HD
ZTE,SB,SBX-200,NUID-SB-001092,OTT
Nokia,SB,SB-Pro,NUID-SB-001093,HD
Skyworth,SB,VisionBox,NUID-SB-001094,OTT
Airtel,SB,OTT-Max,NUID-SB-001095,HD
Huawei,SB,SBX-100,NUID-SB-001096,OTT
ZTE,SB,SBX-200,NUID-SB-001097,HD
Nokia,SB,SB-Pro,NUID-SB-001098,OTT
Skyworth,SB,VisionBox,NUID-SB-001099,HD
Airtel,SB,OTT-Max,NUID-SB-001100,OTT
Huawei,SB,SBX-100,NUID-SB-001101,HD
ZTE,SB,SBX-200,NUID-SB-001102,OTT
Nokia,SB,SB-Pro,NUID-SB-001103,HD
Skyworth,SB,VisionBox,NUID-SB-001104,OTT
Airtel,SB,OTT-Max,NUID-SB-001105,HD
Huawei,SB,SBX-100,NUID-SB-001106,OTT
ZTE,SB,SBX-200,NUID-SB-001107,HD
Nokia,SB,SB-Pro,NUID-SB-001108,OTT
Skyworth,SB,VisionBox,NUID-SB-001109,HD
Airtel,SB,OTT-Max,NUID-SB-001110,OTT
Huawei,SB,SBX-100,NUID-SB-001111,HD
ZTE,SB,SBX-200,NUID-SB-001112,OTT
Nokia,SB,SB-Pro,NUID-SB-001113,HD
Skyworth,SB,VisionBox,NUID-SB-001114,OTT
Airtel,SB,OTT-Max,NUID-SB-001115,HD
Huawei,SB,SBX-100,NUID-SB-001116,OTT
ZTE,SB,SBX-200,NUID-SB-001117,HD
Nokia,SB,SB-Pro,NUID-SB-001118,OTT
Skyworth,SB,VisionBox,NUID-SB-001119,HD
Airtel,SB,OTT-Max,NUID-SB-001120,OTT
Huawei,SB,SBX-100,NUID-SB-001121,HD
ZTE,SB,SBX-200,NUID-SB-001122,OTT
Nokia,SB,SB-Pro,NUID-SB-001123,HD
Skyworth,SB,VisionBox,NUID-SB-001124,OTT
Airtel,SB,OTT-Max,NUID-SB-001125,HD
Huawei,SB,SBX-100,NUID-SB-001126,OTT
ZTE,SB,SBX-200,NUID-SB-001127,HD
Nokia,SB,SB-Pro,NUID-SB-001128,OTT
Skyworth,SB,VisionBox,NUID-SB-001129,HD
Airtel,SB,OTT-Max,NUID-SB-001130,OTT
Huawei,SB,SBX-100,NUID-SB-001131,HD
ZTE,SB,SBX-200,NUID-SB-001132,OTT
Nokia,SB,SB-Pro,NUID-SB-001133,HD
Skyworth,SB,VisionBox,NUID-SB-001134,OTT
Airtel,SB,OTT-Max,NUID-SB-001135,HD
Huawei,SB,SBX-100,NUID-SB-001136,OTT
ZTE,SB,SBX-200,NUID-SB-001137,HD
Nokia,SB,SB-Pro,NUID-SB-001138,OTT
Skyworth,SB,VisionBox,NUID-SB-001139,HD
Airtel,SB,OTT-Max,NUID-SB-001140,OTT
Huawei,SB,SBX-100,NUID-SB-001141,HD
ZTE,SB,SBX-200,NUID-SB-001142,OTT
Nokia,SB,SB-Pro,NUID-SB-001143,HD
Skyworth,SB,VisionBox,NUID-SB-001144,OTT
Airtel,SB,OTT-Max,NUID-SB-001145,HD
Huawei,SB,SBX-100,NUID-SB-001146,OTT
ZTE,SB,SBX-200,NUID-SB-001147,HD
Nokia,SB,SB-Pro,NUID-SB-001148,OTT
Skyworth,SB,VisionBox,NUID-SB-001149,HD
Airtel,SB,OTT-Max,NUID-SB-001150,OTT
Huawei,SB,SBX-100,NUID-SB-001151,HD
ZTE,SB,SBX-200,NUID-SB-001152,OTT
Nokia,SB,SB-Pro,NUID-SB-001153,HD
Skyworth,SB,VisionBox,NUID-SB-001154,OTT
Airtel,SB,OTT-Max,NUID-SB-001155,HD
Huawei,SB,SBX-100,NUID-SB-001156,OTT
ZTE,SB,SBX-200,NUID-SB-001157,HD
Nokia,SB,SB-Pro,NUID-SB-001158,OTT
Skyworth,SB,VisionBox,NUID-SB-001159,HD
Airtel,SB,OTT-Max,NUID-SB-001160,OTT
Huawei,SB,SBX-100,NUID-SB-001161,HD
ZTE,SB,SBX-200,NUID-SB-001162,OTT
Nokia,SB,SB-Pro,NUID-SB-001163,HD
Skyworth,SB,VisionBox,NUID-SB-001164,OTT
Airtel,SB,OTT-Max,NUID-SB-001165,HD
Huawei,SB,SBX-100,NUID-SB-001166,OTT
ZTE,SB,SBX-200,NUID-SB-001167,HD
Nokia,SB,SB-Pro,NUID-SB-001168,OTT
Skyworth,SB,VisionBox,NUID-SB-001169,HD
Airtel,SB,OTT-Max,NUID-SB-001170,OTT
Huawei,SB,SBX-100,NUID-SB-001171,HD
ZTE,SB,SBX-200,NUID-SB-001172,OTT
Nokia,SB,SB-Pro,NUID-SB-001173,HD
Skyworth,SB,VisionBox,NUID-SB-001174,OTT
Airtel,SB,OTT-Max,NUID-SB-001175,HD
Huawei,SB,SBX-100,NUID-SB-001176,OTT
ZTE,SB,SBX-200,NUID-SB-001177,HD
Nokia,SB,SB-Pro,NUID-SB-001178,OTT
Skyworth,SB,VisionBox,NUID-SB-001179,HD
Airtel,SB,OTT-Max,NUID-SB-001180,OTT
Huawei,SB,SBX-100,NUID-SB-001181,HD
ZTE,SB,SBX-200,NUID-SB-001182,OTT
Nokia,SB,SB-Pro,NUID-SB-001183,HD
Skyworth,SB,VisionBox,NUID-SB-001184,OTT
Airtel,SB,OTT-Max,NUID-SB-001185,HD
Huawei,SB,SBX-100,NUID-SB-001186,OTT
ZTE,SB,SBX-200,NUID-SB-001187,HD
Nokia,SB,SB-Pro,NUID-SB-001188,OTT
Skyworth,SB,VisionBox,NUID-SB-001189,HD
Airtel,SB,OTT-Max,NUID-SB-001190,OTT
Huawei,SB,SBX-100,NUID-SB-001191,HD
ZTE,SB,SBX-200,NUID-SB-001192,OTT
Nokia,SB,SB-Pro,NUID-SB-001193,HD
Skyworth,SB,VisionBox,NUID-SB-001194,OTT
Airtel,SB,OTT-Max,NUID-SB-001195,HD
Huawei,SB,SBX-100,NUID-SB-001196,OTT
ZTE,SB,SBX-200,NUID-SB-001197,HD
Nokia,SB,SB-Pro,NUID-SB-001198,OTT
Skyworth,SB,VisionBox,NUID-SB-001199,HD
Airtel,SB,OTT-Max,NUID-SB-001200,OTT
Huawei,SB,SBX-100,NUID-SB-001201,HD
ZTE,SB,SBX-200,NUID-SB-001202,OTT
Nokia,SB,SB-Pro,NUID-SB-001203,HD
Skyworth,SB,VisionBox,NUID-SB-001204,OTT
Airtel,SB,OTT-Max,NUID-SB-001205,HD
Huawei,SB,SBX-100,NUID-SB-001206,OTT
ZTE,SB,SBX-200,NUID-SB-001207,HD
Nokia,SB,SB-Pro,NUID-SB-001208,OTT
Skyworth,SB,VisionBox,NUID-SB-001209,HD
Airtel,SB,OTT-Max,NUID-SB-001210,OTT
Huawei,SB,SBX-100,NUID-SB-001211,HD
ZTE,SB,SBX-200,NUID-SB-001212,OTT
Nokia,SB,SB-Pro,NUID-SB-001213,HD
Skyworth,SB,VisionBox,NUID-SB-001214,OTT
Airtel,SB,OTT-Max,NUID-SB-001215,HD
Huawei,SB,SBX-100,NUID-SB-001216,OTT
ZTE,SB,SBX-200,NUID-SB-001217,HD
Nokia,SB,SB-Pro,NUID-SB-001218,OTT
Skyworth,SB,VisionBox,NUID-SB-001219,HD
Airtel,SB,OTT-Max,NUID-SB-001220,OTT
Huawei,SB,SBX-100,NUID-SB-001221,HD
ZTE,SB,SBX-200,NUID-SB-001222,OTT
Nokia,SB,SB-Pro,NUID-SB-001223,HD
Skyworth,SB,VisionBox,NUID-SB-001224,OTT
Airtel,SB,OTT-Max,NUID-SB-001225,HD
Huawei,SB,SBX-100,NUID-SB-001226,OTT
ZTE,SB,SBX-200,NUID-SB-001227,HD
Nokia,SB,SB-Pro,NUID-SB-001228,OTT
Skyworth,SB,VisionBox,NUID-SB-001229,HD
Airtel,SB,OTT-Max,NUID-SB-001230,OTT
Huawei,SB,SBX-100,NUID-SB-001231,HD
ZTE,SB,SBX-200,NUID-SB-001232,OTT
Nokia,SB,SB-Pro,NUID-SB-001233,HD
Skyworth,SB,VisionBox,NUID-SB-001234,OTT
Airtel,SB,OTT-Max,NUID-SB-001235,HD
Huawei,SB,SBX-100,NUID-SB-001236,OTT
ZTE,SB,SBX-200,NUID-SB-001237,HD
Nokia,SB,SB-Pro,NUID-SB-001238,OTT
Skyworth,SB,VisionBox,NUID-SB-001239,HD
Airtel,SB,OTT-Max,NUID-SB-001240,OTT
Huawei,SB,SBX-100,NUID-SB-001241,HD
ZTE,SB,SBX-200,NUID-SB-001242,OTT
Nokia,SB,SB-Pro,NUID-SB-001243,HD
Skyworth,SB,VisionBox,NUID-SB-001244,OTT
Airtel,SB,OTT-Max,NUID-SB-001245,HD
Huawei,SB,SBX-100,NUID-SB-001246,OTT
ZTE,SB,SBX-200,NUID-SB-001247,HD
Nokia,SB,SB-Pro,NUID-SB-001248,OTT
Skyworth,SB,VisionBox,NUID-SB-001249,HD
Airtel,SB,OTT-Max,NUID-SB-001250,OTT
Huawei,SB,SBX-100,NUID-SB-001251,HD
ZTE,SB,SBX-200,NUID-SB-001252,OTT
Nokia,SB,SB-Pro,NUID-SB-001253,HD
Skyworth,SB,VisionBox,NUID-SB-001254,OTT
Airtel,SB,OTT-Max,NUID-SB-001255,HD
Huawei,SB,SBX-100,NUID-SB-001256,OTT
ZTE,SB,SBX-200,NUID-SB-001257,HD
Nokia,SB,SB-Pro,NUID-SB-001258,OTT
Skyworth,SB,VisionBox,NUID-SB-001259,HD
Airtel,SB,OTT-Max,NUID-SB-001260,OTT
Huawei,SB,SBX-100,NUID-SB-001261,HD
ZTE,SB,SBX-200,NUID-SB-001262,OTT
Nokia,SB,SB-Pro,NUID-SB-001263,HD
Skyworth,SB,VisionBox,NUID-SB-001264,OTT
Airtel,SB,OTT-Max,NUID-SB-001265,HD
Huawei,SB,SBX-100,NUID-SB-001266,OTT
ZTE,SB,SBX-200,NUID-SB-001267,HD
Nokia,SB,SB-Pro,NUID-SB-001268,OTT
Skyworth,SB,VisionBox,NUID-SB-001269,HD
Airtel,SB,OTT-Max,NUID-SB-001270,OTT
Huawei,SB,SBX-100,NUID-SB-001271,HD
ZTE,SB,SBX-200,NUID-SB-001272,OTT
Nokia,SB,SB-Pro,NUID-SB-001273,HD
Skyworth,SB,VisionBox,NUID-SB-001274,OTT
Airtel,SB,OTT-Max,NUID-SB-001275,HD
Huawei,SB,SBX-100,NUID-SB-001276,OTT
ZTE,SB,SBX-200,NUID-SB-001277,HD
Nokia,SB,SB-Pro,NUID-SB-001278,OTT
Skyworth,SB,VisionBox,NUID-SB-001279,HD
Airtel,SB,OTT-Max,NUID-SB-001280,OTT
Huawei,SB,SBX-100,NUID-SB-001281,HD
ZTE,SB,SBX-200,NUID-SB-001282,OTT
Nokia,SB,SB-Pro,NUID-SB-001283,HD
Skyworth,SB,VisionBox,NUID-SB-001284,OTT
Airtel,SB,OTT-Max,NUID-SB-001285,HD
Huawei,SB,SBX-100,NUID-SB-001286,OTT
ZTE,SB,SBX-200,NUID-SB-001287,HD
Nokia,SB,SB-Pro,NUID-SB-001288,OTT
Skyworth,SB,VisionBox,NUID-SB-001289,HD
Airtel,SB,OTT-Max,NUID-SB-001290,OTT
Huawei,SB,SBX-100,NUID-SB-001291,HD
ZTE,SB,SBX-200,NUID-SB-001292,OTT
Nokia,SB,SB-Pro,NUID-SB-001293,HD
Skyworth,SB,VisionBox,NUID-SB-001294,OTT
Airtel,SB,OTT-Max,NUID-SB-001295,HD
Huawei,SB,SBX-100,NUID-SB-001296,OTT
ZTE,SB,SBX-200,NUID-SB-001297,HD
Nokia,SB,SB-Pro,NUID-SB-001298,OTT
Skyworth,SB,VisionBox,NUID-SB-001299,HD
Airtel,SB,OTT-Max,NUID-SB-001300,OTT
Huawei,SB,SBX-100,NUID-SB-001301,HD
ZTE,SB,SBX-200,NUID-SB-001302,OTT
Nokia,SB,SB-Pro,NUID-SB-001303,HD
Skyworth,SB,VisionBox,NUID-SB-001304,OTT
Airtel,SB,OTT-Max,NUID-SB-001305,HD
Huawei,SB,SBX-100,NUID-SB-001306,OTT
ZTE,SB,SBX-200,NUID-SB-001307,HD
Nokia,SB,SB-Pro,NUID-SB-001308,OTT
Skyworth,SB,VisionBox,NUID-SB-001309,HD
Airtel,SB,OTT-Max,NUID-SB-001310,OTT
Huawei,SB,SBX-100,NUID-SB-001311,HD
ZTE,SB,SBX-200,NUID-SB-001312,OTT
Nokia,SB,SB-Pro,NUID-SB-001313,HD
Skyworth,SB,VisionBox,NUID-SB-001314,OTT
Airtel,SB,OTT-Max,NUID-SB-001315,HD
Huawei,SB,SBX-100,NUID-SB-001316,OTT
ZTE,SB,SBX-200,NUID-SB-001317,HD
Nokia,SB,SB-Pro,NUID-SB-001318,OTT
Skyworth,SB,VisionBox,NUID-SB-001319,HD
Airtel,SB,OTT-Max,NUID-SB-001320,OTT
Huawei,SB,SBX-100,NUID-SB-001321,HD
ZTE,SB,SBX-200,NUID-SB-001322,OTT
Nokia,SB,SB-Pro,NUID-SB-001323,HD
Skyworth,SB,VisionBox,NUID-SB-001324,OTT
Airtel,SB,OTT-Max,NUID-SB-001325,HD
Huawei,SB,SBX-100,NUID-SB-001326,OTT
ZTE,SB,SBX-200,NUID-SB-001327,HD
Nokia,SB,SB-Pro,NUID-SB-001328,OTT
Skyworth,SB,VisionBox,NUID-SB-001329,HD
Airtel,SB,OTT-Max,NUID-SB-001330,OTT
Huawei,SB,SBX-100,NUID-SB-001331,HD
ZTE,SB,SBX-200,NUID-SB-001332,OTT
Nokia,SB,SB-Pro,NUID-SB-001333,HD
Skyworth,SB,VisionBox,NUID-SB-001334,OTT
Airtel,SB,OTT-Max,NUID-SB-001335,HD
Huawei,SB,SBX-100,NUID-SB-001336,OTT
ZTE,SB,SBX-200,NUID-SB-001337,HD
Nokia,SB,SB-Pro,NUID-SB-001338,OTT
Skyworth,SB,VisionBox,NUID-SB-001339,HD
Airtel,SB,OTT-Max,NUID-SB-001340,OTT
Huawei,SB,SBX-100,NUID-SB-001341,HD
ZTE,SB,SBX-200,NUID-SB-001342,OTT
Nokia,SB,SB-Pro,NUID-SB-001343,HD
Skyworth,SB,VisionBox,NUID-SB-001344,OTT
Airtel,SB,OTT-Max,NUID-SB-001345,HD
Huawei,SB,SBX-100,NUID-SB-001346,OTT
ZTE,SB,SBX-200,NUID-SB-001347,HD
Nokia,SB,SB-Pro,NUID-SB-001348,OTT
Skyworth,SB,VisionBox,NUID-SB-001349,HD
Airtel,SB,OTT-Max,NUID-SB-001350,OTT
Huawei,SB,SBX-100,NUID-SB-001351,HD
ZTE,SB,SBX-200,NUID-SB-001352,OTT
Nokia,SB,SB-Pro,NUID-SB-001353,HD
Skyworth,SB,VisionBox,NUID-SB-001354,OTT
Airtel,SB,OTT-Max,NUID-SB-001355,HD
Huawei,SB,SBX-100,NUID-SB-001356,OTT
ZTE,SB,SBX-200,NUID-SB-001357,HD
Nokia,SB,SB-Pro,NUID-SB-001358,OTT
Skyworth,SB,VisionBox,NUID-SB-001359,HD
Airtel,SB,OTT-Max,NUID-SB-001360,OTT
Huawei,SB,SBX-100,NUID-SB-001361,HD
ZTE,SB,SBX-200,NUID-SB-001362,OTT
Nokia,SB,SB-Pro,NUID-SB-001363,HD
Skyworth,SB,VisionBox,NUID-SB-001364,OTT
Airtel,SB,OTT-Max,NUID-SB-001365,HD
Huawei,SB,SBX-100,NUID-SB-001366,OTT
ZTE,SB,SBX-200,NUID-SB-001367,HD
Nokia,SB,SB-Pro,NUID-SB-001368,OTT
Skyworth,SB,VisionBox,NUID-SB-001369,HD
Airtel,SB,OTT-Max,NUID-SB-001370,OTT
Huawei,SB,SBX-100,NUID-SB-001371,HD
ZTE,SB,SBX-200,NUID-SB-001372,OTT
Nokia,SB,SB-Pro,NUID-SB-001373,HD
Skyworth,SB,VisionBox,NUID-SB-001374,OTT
Airtel,SB,OTT-Max,NUID-SB-001375,HD
Huawei,SB,SBX-100,NUID-SB-001376,OTT
ZTE,SB,SBX-200,NUID-SB-001377,HD
Nokia,SB,SB-Pro,NUID-SB-001378,OTT
Skyworth,SB,VisionBox,NUID-SB-001379,HD
Airtel,SB,OTT-Max,NUID-SB-001380,OTT
Huawei,SB,SBX-100,NUID-SB-001381,HD
ZTE,SB,SBX-200,NUID-SB-001382,OTT
Nokia,SB,SB-Pro,NUID-SB-001383,HD
Skyworth,SB,VisionBox,NUID-SB-001384,OTT
Airtel,SB,OTT-Max,NUID-SB-001385,HD
Huawei,SB,SBX-100,NUID-SB-001386,OTT
ZTE,SB,SBX-200,NUID-SB-001387,HD
Nokia,SB,SB-Pro,NUID-SB-001388,OTT
Skyworth,SB,VisionBox,NUID-SB-001389,HD
Airtel,SB,OTT-Max,NUID-SB-001390,OTT
Huawei,SB,SBX-100,NUID-SB-001391,HD
ZTE,SB,SBX-200,NUID-SB-001392,OTT
Nokia,SB,SB-Pro,NUID-SB-001393,HD
Skyworth,SB,VisionBox,NUID-SB-001394,OTT
Airtel,SB,OTT-Max,NUID-SB-001395,HD
Huawei,SB,SBX-100,NUID-SB-001396,OTT
ZTE,SB,SBX-200,NUID-SB-001397,HD
Nokia,SB,SB-Pro,NUID-SB-001398,OTT
Skyworth,SB,VisionBox,NUID-SB-001399,HD
Airtel,SB,OTT-Max,NUID-SB-001400,OTT
Huawei,SB,SBX-100,NUID-SB-001401,HD
ZTE,SB,SBX-200,NUID-SB-001402,OTT
Nokia,SB,SB-Pro,NUID-SB-001403,HD
Skyworth,SB,VisionBox,NUID-SB-001404,OTT
Airtel,SB,OTT-Max,NUID-SB-001405,HD
Huawei,SB,SBX-100,NUID-SB-001406,OTT
ZTE,SB,SBX-200,NUID-SB-001407,HD
Nokia,SB,SB-Pro,NUID-SB-001408,OTT
Skyworth,SB,VisionBox,NUID-SB-001409,HD
Airtel,SB,OTT-Max,NUID-SB-001410,OTT
Huawei,SB,SBX-100,NUID-SB-001411,HD
ZTE,SB,SBX-200,NUID-SB-001412,OTT
Nokia,SB,SB-Pro,NUID-SB-001413,HD
Skyworth,SB,VisionBox,NUID-SB-001414,OTT
Airtel,SB,OTT-Max,NUID-SB-001415,HD
Huawei,SB,SBX-100,NUID-SB-001416,OTT
ZTE,SB,SBX-200,NUID-SB-001417,HD
Nokia,SB,SB-Pro,NUID-SB-001418,OTT
Skyworth,SB,VisionBox,NUID-SB-001419,HD
Airtel,SB,OTT-Max,NUID-SB-001420,OTT
Huawei,SB,SBX-100,NUID-SB-001421,HD
ZTE,SB,SBX-200,NUID-SB-001422,OTT
Nokia,SB,SB-Pro,NUID-SB-001423,HD
Skyworth,SB,VisionBox,NUID-SB-001424,OTT
Airtel,SB,OTT-Max,NUID-SB-001425,HD
Huawei,SB,SBX-100,NUID-SB-001426,OTT
ZTE,SB,SBX-200,NUID-SB-001427,HD
Nokia,SB,SB-Pro,NUID-SB-001428,OTT
Skyworth,SB,VisionBox,NUID-SB-001429,HD
Airtel,SB,OTT-Max,NUID-SB-001430,OTT
Huawei,SB,SBX-100,NUID-SB-001431,HD
ZTE,SB,SBX-200,NUID-SB-001432,OTT
Nokia,SB,SB-Pro,NUID-SB-001433,HD
Skyworth,SB,VisionBox,NUID-SB-001434,OTT
Airtel,SB,OTT-Max,NUID-SB-001435,HD
Huawei,SB,SBX-100,NUID-SB-001436,OTT
ZTE,SB,SBX-200,NUID-SB-001437,HD
Nokia,SB,SB-Pro,NUID-SB-001438,OTT
Skyworth,SB,VisionBox,NUID-SB-001439,HD
Airtel,SB,OTT-Max,NUID-SB-001440,OTT
Huawei,SB,SBX-100,NUID-SB-001441,HD
ZTE,SB,SBX-200,NUID-SB-001442,OTT
Nokia,SB,SB-Pro,NUID-SB-001443,HD
Skyworth,SB,VisionBox,NUID-SB-001444,OTT
Airtel,SB,OTT-Max,NUID-SB-001445,HD
Huawei,SB,SBX-100,NUID-SB-001446,OTT
ZTE,SB,SBX-200,NUID-SB-001447,HD
Nokia,SB,SB-Pro,NUID-SB-001448,OTT
Skyworth,SB,VisionBox,NUID-SB-001449,HD
Airtel,SB,OTT-Max,NUID-SB-001450,OTT
Huawei,SB,SBX-100,NUID-SB-001451,HD
ZTE,SB,SBX-200,NUID-SB-001452,OTT
Nokia,SB,SB-Pro,NUID-SB-001453,HD
Skyworth,SB,VisionBox,NUID-SB-001454,OTT
Airtel,SB,OTT-Max,NUID-SB-001455,HD
Huawei,SB,SBX-100,NUID-SB-001456,OTT
ZTE,SB,SBX-200,NUID-SB-001457,HD
Nokia,SB,SB-Pro,NUID-SB-001458,OTT
Skyworth,SB,VisionBox,NUID-SB-001459,HD
Airtel,SB,OTT-Max,NUID-SB-001460,OTT
Huawei,SB,SBX-100,NUID-SB-001461,HD
ZTE,SB,SBX-200,NUID-SB-001462,OTT
Nokia,SB,SB-Pro,NUID-SB-001463,HD
Skyworth,SB,VisionBox,NUID-SB-001464,OTT
Airtel,SB,OTT-Max,NUID-SB-001465,HD
Huawei,SB,SBX-100,NUID-SB-001466,OTT
ZTE,SB,SBX-200,NUID-SB-001467,HD
Nokia,SB,SB-Pro,NUID-SB-001468,OTT
Skyworth,SB,VisionBox,NUID-SB-001469,HD
Airtel,SB,OTT-Max,NUID-SB-001470,OTT
Huawei,SB,SBX-100,NUID-SB-001471,HD
ZTE,SB,SBX-200,NUID-SB-001472,OTT
Nokia,SB,SB-Pro,NUID-SB-001473,HD
Skyworth,SB,VisionBox,NUID-SB-001474,OTT
Airtel,SB,OTT-Max,NUID-SB-001475,HD
Huawei,SB,SBX-100,NUID-SB-001476,OTT
ZTE,SB,SBX-200,NUID-SB-001477,HD
Nokia,SB,SB-Pro,NUID-SB-001478,OTT
Skyworth,SB,VisionBox,NUID-SB-001479,HD
Airtel,SB,OTT-Max,NUID-SB-001480,OTT
Huawei,SB,SBX-100,NUID-SB-001481,HD
ZTE,SB,SBX-200,NUID-SB-001482,OTT
Nokia,SB,SB-Pro,NUID-SB-001483,HD
Skyworth,SB,VisionBox,NUID-SB-001484,OTT
Airtel,SB,OTT-Max,NUID-SB-001485,HD
Huawei,SB,SBX-100,NUID-SB-001486,OTT
ZTE,SB,SBX-200,NUID-SB-001487,HD
Nokia,SB,SB-Pro,NUID-SB-001488,OTT
Skyworth,SB,VisionBox,NUID-SB-001489,HD
Airtel,SB,OTT-Max,NUID-SB-001490,OTT
Huawei,SB,SBX-100,NUID-SB-001491,HD
ZTE,SB,SBX-200,NUID-SB-001492,OTT
Nokia,SB,SB-Pro,NUID-SB-001493,HD
Skyworth,SB,VisionBox,NUID-SB-001494,OTT
Airtel,SB,OTT-Max,NUID-SB-001495,HD
Huawei,SB,SBX-100,NUID-SB-001496,OTT
ZTE,SB,SBX-200,NUID-SB-001497,HD
Nokia,SB,SB-Pro,NUID-SB-001498,OTT
Skyworth,SB,VisionBox,NUID-SB-001499,HD
Airtel,SB,OTT-Max,NUID-SB-001500,OTT
Huawei,SB,SBX-100,NUID-SB-001501,HD
ZTE,SB,SBX-200,NUID-SB-001502,OTT
Nokia,SB,SB-Pro,NUID-SB-001503,HD
Skyworth,SB,VisionBox,NUID-SB-001504,OTT
Airtel,SB,OTT-Max,NUID-SB-001505,HD
Huawei,SB,SBX-100,NUID-SB-001506,OTT
ZTE,SB,SBX-200,NUID-SB-001507,HD
Nokia,SB,SB-Pro,NUID-SB-001508,OTT
Skyworth,SB,VisionBox,NUID-SB-001509,HD
Airtel,SB,OTT-Max,NUID-SB-001510,OTT
Huawei,SB,SBX-100,NUID-SB-001511,HD
ZTE,SB,SBX-200,NUID-SB-001512,OTT
Nokia,SB,SB-Pro,NUID-SB-001513,HD
Skyworth,SB,VisionBox,NUID-SB-001514,OTT
Airtel,SB,OTT-Max,NUID-SB-001515,HD
Huawei,SB,SBX-100,NUID-SB-001516,OTT
ZTE,SB,SBX-200,NUID-SB-001517,HD
Nokia,SB,SB-Pro,NUID-SB-001518,OTT
Skyworth,SB,VisionBox,NUID-SB-001519,HD
Airtel,SB,OTT-Max,NUID-SB-001520,OTT
Huawei,SB,SBX-100,NUID-SB-001521,HD
ZTE,SB,SBX-200,NUID-SB-001522,OTT
Nokia,SB,SB-Pro,NUID-SB-001523,HD
Skyworth,SB,VisionBox,NUID-SB-001524,OTT
Airtel,SB,OTT-Max,NUID-SB-001525,HD
Huawei,SB,SBX-100,NUID-SB-001526,OTT
ZTE,SB,SBX-200,NUID-SB-001527,HD
Nokia,SB,SB-Pro,NUID-SB-001528,OTT
Skyworth,SB,VisionBox,NUID-SB-001529,HD
Airtel,SB,OTT-Max,NUID-SB-001530,OTT
Huawei,SB,SBX-100,NUID-SB-001531,HD
ZTE,SB,SBX-200,NUID-SB-001532,OTT
Nokia,SB,SB-Pro,NUID-SB-001533,HD
Skyworth,SB,VisionBox,NUID-SB-001534,OTT
Airtel,SB,OTT-Max,NUID-SB-001535,HD
Huawei,SB,SBX-100,NUID-SB-001536,OTT
ZTE,SB,SBX-200,NUID-SB-001537,HD
Nokia,SB,SB-Pro,NUID-SB-001538,OTT
Skyworth,SB,VisionBox,NUID-SB-001539,HD
Airtel,SB,OTT-Max,NUID-SB-001540,OTT
Huawei,SB,SBX-100,NUID-SB-001541,HD
ZTE,SB,SBX-200,NUID-SB-001542,OTT
Nokia,SB,SB-Pro,NUID-SB-001543,HD
Skyworth,SB,VisionBox,NUID-SB-001544,OTT
Airtel,SB,OTT-Max,NUID-SB-001545,HD
Huawei,SB,SBX-100,NUID-SB-001546,OTT
ZTE,SB,SBX-200,NUID-SB-001547,HD
Nokia,SB,SB-Pro,NUID-SB-001548,OTT
Skyworth,SB,VisionBox,NUID-SB-001549,HD
Airtel,SB,OTT-Max,NUID-SB-001550,OTT
Huawei,SB,SBX-100,NUID-SB-001551,HD
ZTE,SB,SBX-200,NUID-SB-001552,OTT
Nokia,SB,SB-Pro,NUID-SB-001553,HD
Skyworth,SB,VisionBox,NUID-SB-001554,OTT
Airtel,SB,OTT-Max,NUID-SB-001555,HD
Huawei,SB,SBX-100,NUID-SB-001556,OTT
ZTE,SB,SBX-200,NUID-SB-001557,HD
Nokia,SB,SB-Pro,NUID-SB-001558,OTT
Skyworth,SB,VisionBox,NUID-SB-001559,HD
Airtel,SB,OTT-Max,NUID-SB-001560,OTT
Huawei,SB,SBX-100,NUID-SB-001561,HD
ZTE,SB,SBX-200,NUID-SB-001562,OTT
Nokia,SB,SB-Pro,NUID-SB-001563,HD
Skyworth,SB,VisionBox,NUID-SB-001564,OTT
Airtel,SB,OTT-Max,NUID-SB-001565,HD
Huawei,SB,SBX-100,NUID-SB-001566,OTT
ZTE,SB,SBX-200,NUID-SB-001567,HD
Nokia,SB,SB-Pro,NUID-SB-001568,OTT
Skyworth,SB,VisionBox,NUID-SB-001569,HD
Airtel,SB,OTT-Max,NUID-SB-001570,OTT
Huawei,SB,SBX-100,NUID-SB-001571,HD
ZTE,SB,SBX-200,NUID-SB-001572,OTT
Nokia,SB,SB-Pro,NUID-SB-001573,HD
Skyworth,SB,VisionBox,NUID-SB-001574,OTT
Airtel,SB,OTT-Max,NUID-SB-001575,HD
Huawei,SB,SBX-100,NUID-SB-001576,OTT
ZTE,SB,SBX-200,NUID-SB-001577,HD
Nokia,SB,SB-Pro,NUID-SB-001578,OTT
Skyworth,SB,VisionBox,NUID-SB-001579,HD
Airtel,SB,OTT-Max,NUID-SB-001580,OTT
Huawei,SB,SBX-100,NUID-SB-001581,HD
ZTE,SB,SBX-200,NUID-SB-001582,OTT
Nokia,SB,SB-Pro,NUID-SB-001583,HD
Skyworth,SB,VisionBox,NUID-SB-001584,OTT
Airtel,SB,OTT-Max,NUID-SB-001585,HD
Huawei,SB,SBX-100,NUID-SB-001586,OTT
ZTE,SB,SBX-200,NUID-SB-001587,HD
Nokia,SB,SB-Pro,NUID-SB-001588,OTT
Skyworth,SB,VisionBox,NUID-SB-001589,HD
Airtel,SB,OTT-Max,NUID-SB-001590,OTT
Huawei,SB,SBX-100,NUID-SB-001591,HD
ZTE,SB,SBX-200,NUID-SB-001592,OTT
Nokia,SB,SB-Pro,NUID-SB-001593,HD
Skyworth,SB,VisionBox,NUID-SB-001594,OTT
Airtel,SB,OTT-Max,NUID-SB-001595,HD
Huawei,SB,SBX-100,NUID-SB-001596,OTT
ZTE,SB,SBX-200,NUID-SB-001597,HD
Nokia,SB,SB-Pro,NUID-SB-001598,OTT
Skyworth,SB,VisionBox,NUID-SB-001599,HD
Airtel,SB,OTT-Max,NUID-SB-001600,OTT
Huawei,SB,SBX-100,NUID-SB-001601,HD
ZTE,SB,SBX-200,NUID-SB-001602,OTT
Nokia,SB,SB-Pro,NUID-SB-001603,HD
Skyworth,SB,VisionBox,NUID-SB-001604,OTT
Airtel,SB,OTT-Max,NUID-SB-001605,HD
Huawei,SB,SBX-100,NUID-SB-001606,OTT
ZTE,SB,SBX-200,NUID-SB-001607,HD
Nokia,SB,SB-Pro,NUID-SB-001608,OTT
Skyworth,SB,VisionBox,NUID-SB-001609,HD
Airtel,SB,OTT-Max,NUID-SB-001610,OTT
Huawei,SB,SBX-100,NUID-SB-001611,HD
ZTE,SB,SBX-200,NUID-SB-001612,OTT
Nokia,SB,SB-Pro,NUID-SB-001613,HD
Skyworth,SB,VisionBox,NUID-SB-001614,OTT
Airtel,SB,OTT-Max,NUID-SB-001615,HD
Huawei,SB,SBX-100,NUID-SB-001616,OTT
ZTE,SB,SBX-200,NUID-SB-001617,HD
Nokia,SB,SB-Pro,NUID-SB-001618,OTT
Skyworth,SB,VisionBox,NUID-SB-001619,HD
Airtel,SB,OTT-Max,NUID-SB-001620,OTT
Huawei,SB,SBX-100,NUID-SB-001621,HD
ZTE,SB,SBX-200,NUID-SB-001622,OTT
Nokia,SB,SB-Pro,NUID-SB-001623,HD
Skyworth,SB,VisionBox,NUID-SB-001624,OTT
Airtel,SB,OTT-Max,NUID-SB-001625,HD
Huawei,SB,SBX-100,NUID-SB-001626,OTT
ZTE,SB,SBX-200,NUID-SB-001627,HD
Nokia,SB,SB-Pro,NUID-SB-001628,OTT
Skyworth,SB,VisionBox,NUID-SB-001629,HD
Airtel,SB,OTT-Max,NUID-SB-001630,OTT
Huawei,SB,SBX-100,NUID-SB-001631,HD
ZTE,SB,SBX-200,NUID-SB-001632,OTT
Nokia,SB,SB-Pro,NUID-SB-001633,HD
Skyworth,SB,VisionBox,NUID-SB-001634,OTT
Airtel,SB,OTT-Max,NUID-SB-001635,HD
Huawei,SB,SBX-100,NUID-SB-001636,OTT
ZTE,SB,SBX-200,NUID-SB-001637,HD
Nokia,SB,SB-Pro,NUID-SB-001638,OTT
Skyworth,SB,VisionBox,NUID-SB-001639,HD
Airtel,SB,OTT-Max,NUID-SB-001640,OTT
Huawei,SB,SBX-100,NUID-SB-001641,HD
ZTE,SB,SBX-200,NUID-SB-001642,OTT
Nokia,SB,SB-Pro,NUID-SB-001643,HD
Skyworth,SB,VisionBox,NUID-SB-001644,OTT
Airtel,SB,OTT-Max,NUID-SB-001645,HD
Huawei,SB,SBX-100,NUID-SB-001646,OTT
ZTE,SB,SBX-200,NUID-SB-001647,HD
Nokia,SB,SB-Pro,NUID-SB-001648,OTT
Skyworth,SB,VisionBox,NUID-SB-001649,HD
Airtel,SB,OTT-Max,NUID-SB-001650,OTT
Huawei,SB,SBX-100,NUID-SB-001651,HD
ZTE,SB,SBX-200,NUID-SB-001652,OTT
Nokia,SB,SB-Pro,NUID-SB-001653,HD
Skyworth,SB,VisionBox,NUID-SB-001654,OTT
Airtel,SB,OTT-Max,NUID-SB-001655,HD
Huawei,SB,SBX-100,NUID-SB-001656,OTT
ZTE,SB,SBX-200,NUID-SB-001657,HD
Nokia,SB,SB-Pro,NUID-SB-001658,OTT
Skyworth,SB,VisionBox,NUID-SB-001659,HD
Airtel,SB,OTT-Max,NUID-SB-001660,OTT
Huawei,SB,SBX-100,NUID-SB-001661,HD
ZTE,SB,SBX-200,NUID-SB-001662,OTT
Nokia,SB,SB-Pro,NUID-SB-001663,HD
Skyworth,SB,VisionBox,NUID-SB-001664,OTT
Airtel,SB,OTT-Max,NUID-SB-001665,HD
Huawei,SB,SBX-100,NUID-SB-001666,OTT
ZTE,SB,SBX-200,NUID-SB-001667,HD
Nokia,SB,SB-Pro,NUID-SB-001668,OTT
Skyworth,SB,VisionBox,NUID-SB-001669,HD
Airtel,SB,OTT-Max,NUID-SB-001670,OTT
Huawei,SB,SBX-100,NUID-SB-001671,HD
ZTE,SB,SBX-200,NUID-SB-001672,OTT
Nokia,SB,SB-Pro,NUID-SB-001673,HD
Skyworth,SB,VisionBox,NUID-SB-001674,OTT
Airtel,SB,OTT-Max,NUID-SB-001675,HD
Huawei,SB,SBX-100,NUID-SB-001676,OTT
ZTE,SB,SBX-200,NUID-SB-001677,HD
Nokia,SB,SB-Pro,NUID-SB-001678,OTT
Skyworth,SB,VisionBox,NUID-SB-001679,HD
Airtel,SB,OTT-Max,NUID-SB-001680,OTT
Huawei,SB,SBX-100,NUID-SB-001681,HD
ZTE,SB,SBX-200,NUID-SB-001682,OTT
Nokia,SB,SB-Pro,NUID-SB-001683,HD
Skyworth,SB,VisionBox,NUID-SB-001684,OTT
Airtel,SB,OTT-Max,NUID-SB-001685,HD
Huawei,SB,SBX-100,NUID-SB-001686,OTT
ZTE,SB,SBX-200,NUID-SB-001687,HD
Nokia,SB,SB-Pro,NUID-SB-001688,OTT
Skyworth,SB,VisionBox,NUID-SB-001689,HD
Airtel,SB,OTT-Max,NUID-SB-001690,OTT
Huawei,SB,SBX-100,NUID-SB-001691,HD
ZTE,SB,SBX-200,NUID-SB-001692,OTT
Nokia,SB,SB-Pro,NUID-SB-001693,HD
Skyworth,SB,VisionBox,NUID-SB-001694,OTT
Airtel,SB,OTT-Max,NUID-SB-001695,HD
Huawei,SB,SBX-100,NUID-SB-001696,OTT
ZTE,SB,SBX-200,NUID-SB-001697,HD
Nokia,SB,SB-Pro,NUID-SB-001698,OTT
Skyworth,SB,VisionBox,NUID-SB-001699,HD
Airtel,SB,OTT-Max,NUID-SB-001700,OTT
Huawei,SB,SBX-100,NUID-SB-001701,HD
ZTE,SB,SBX-200,NUID-SB-001702,OTT
Nokia,SB,SB-Pro,NUID-SB-001703,HD
Skyworth,SB,VisionBox,NUID-SB-001704,OTT
Airtel,SB,OTT-Max,NUID-SB-001705,HD
Huawei,SB,SBX-100,NUID-SB-001706,OTT
ZTE,SB,SBX-200,NUID-SB-001707,HD
Nokia,SB,SB-Pro,NUID-SB-001708,OTT
Skyworth,SB,VisionBox,NUID-SB-001709,HD
Airtel,SB,OTT-Max,NUID-SB-001710,OTT
Huawei,SB,SBX-100,NUID-SB-001711,HD
ZTE,SB,SBX-200,NUID-SB-001712,OTT
Nokia,SB,SB-Pro,NUID-SB-001713,HD
Skyworth,SB,VisionBox,NUID-SB-001714,OTT
Airtel,SB,OTT-Max,NUID-SB-001715,HD
Huawei,SB,SBX-100,NUID-SB-001716,OTT
ZTE,SB,SBX-200,NUID-SB-001717,HD
Nokia,SB,SB-Pro,NUID-SB-001718,OTT
Skyworth,SB,VisionBox,NUID-SB-001719,HD
Airtel,SB,OTT-Max,NUID-SB-001720,OTT
Huawei,SB,SBX-100,NUID-SB-001721,HD
ZTE,SB,SBX-200,NUID-SB-001722,OTT
Nokia,SB,SB-Pro,NUID-SB-001723,HD
Skyworth,SB,VisionBox,NUID-SB-001724,OTT
Airtel,SB,OTT-Max,NUID-SB-001725,HD
Huawei,SB,SBX-100,NUID-SB-001726,OTT
ZTE,SB,SBX-200,NUID-SB-001727,HD
Nokia,SB,SB-Pro,NUID-SB-001728,OTT
Skyworth,SB,VisionBox,NUID-SB-001729,HD
Airtel,SB,OTT-Max,NUID-SB-001730,OTT
Huawei,SB,SBX-100,NUID-SB-001731,HD
ZTE,SB,SBX-200,NUID-SB-001732,OTT
Nokia,SB,SB-Pro,NUID-SB-001733,HD
Skyworth,SB,VisionBox,NUID-SB-001734,OTT
Airtel,SB,OTT-Max,NUID-SB-001735,HD
Huawei,SB,SBX-100,NUID-SB-001736,OTT
ZTE,SB,SBX-200,NUID-SB-001737,HD
Nokia,SB,SB-Pro,NUID-SB-001738,OTT
Skyworth,SB,VisionBox,NUID-SB-001739,HD
Airtel,SB,OTT-Max,NUID-SB-001740,OTT
Huawei,SB,SBX-100,NUID-SB-001741,HD
ZTE,SB,SBX-200,NUID-SB-001742,OTT
Nokia,SB,SB-Pro,NUID-SB-001743,HD
Skyworth,SB,VisionBox,NUID-SB-001744,OTT
Airtel,SB,OTT-Max,NUID-SB-001745,HD
Huawei,SB,SBX-100,NUID-SB-001746,OTT
ZTE,SB,SBX-200,NUID-SB-001747,HD
Nokia,SB,SB-Pro,NUID-SB-001748,OTT
Skyworth,SB,VisionBox,NUID-SB-001749,HD
Airtel,SB,OTT-Max,NUID-SB-001750,OTT
Huawei,SB,SBX-100,NUID-SB-001751,HD
ZTE,SB,SBX-200,NUID-SB-001752,OTT
Nokia,SB,SB-Pro,NUID-SB-001753,HD
Skyworth,SB,VisionBox,NUID-SB-001754,OTT
Airtel,SB,OTT-Max,NUID-SB-001755,HD
Huawei,SB,SBX-100,NUID-SB-001756,OTT
ZTE,SB,SBX-200,NUID-SB-001757,HD
Nokia,SB,SB-Pro,NUID-SB-001758,OTT
Skyworth,SB,VisionBox,NUID-SB-001759,HD
Airtel,SB,OTT-Max,NUID-SB-001760,OTT
Huawei,SB,SBX-100,NUID-SB-001761,HD
ZTE,SB,SBX-200,NUID-SB-001762,OTT
Nokia,SB,SB-Pro,NUID-SB-001763,HD
Skyworth,SB,VisionBox,NUID-SB-001764,OTT
Airtel,SB,OTT-Max,NUID-SB-001765,HD
Huawei,SB,SBX-100,NUID-SB-001766,OTT
ZTE,SB,SBX-200,NUID-SB-001767,HD
Nokia,SB,SB-Pro,NUID-SB-001768,OTT
Skyworth,SB,VisionBox,NUID-SB-001769,HD
Airtel,SB,OTT-Max,NUID-SB-001770,OTT
Huawei,SB,SBX-100,NUID-SB-001771,HD
ZTE,SB,SBX-200,NUID-SB-001772,OTT
Nokia,SB,SB-Pro,NUID-SB-001773,HD
Skyworth,SB,VisionBox,NUID-SB-001774,OTT
Airtel,SB,OTT-Max,NUID-SB-001775,HD
Huawei,SB,SBX-100,NUID-SB-001776,OTT
ZTE,SB,SBX-200,NUID-SB-001777,HD
Nokia,SB,SB-Pro,NUID-SB-001778,OTT
Skyworth,SB,VisionBox,NUID-SB-001779,HD
Airtel,SB,OTT-Max,NUID-SB-001780,OTT
Huawei,SB,SBX-100,NUID-SB-001781,HD
ZTE,SB,SBX-200,NUID-SB-001782,OTT
Nokia,SB,SB-Pro,NUID-SB-001783,HD
Skyworth,SB,VisionBox,NUID-SB-001784,OTT
Airtel,SB,OTT-Max,NUID-SB-001785,HD
Huawei,SB,SBX-100,NUID-SB-001786,OTT
ZTE,SB,SBX-200,NUID-SB-001787,HD
Nokia,SB,SB-Pro,NUID-SB-001788,OTT
Skyworth,SB,VisionBox,NUID-SB-001789,HD
Airtel,SB,OTT-Max,NUID-SB-001790,OTT
Huawei,SB,SBX-100,NUID-SB-001791,HD
ZTE,SB,SBX-200,NUID-SB-001792,OTT
Nokia,SB,SB-Pro,NUID-SB-001793,HD
Skyworth,SB,VisionBox,NUID-SB-001794,OTT
Airtel,SB,OTT-Max,NUID-SB-001795,HD
Huawei,SB,SBX-100,NUID-SB-001796,OTT
ZTE,SB,SBX-200,NUID-SB-001797,HD
Nokia,SB,SB-Pro,NUID-SB-001798,OTT
Skyworth,SB,VisionBox,NUID-SB-001799,HD
Airtel,SB,OTT-Max,NUID-SB-001800,OTT
Huawei,SB,SBX-100,NUID-SB-001801,HD
ZTE,SB,SBX-200,NUID-SB-001802,OTT
Nokia,SB,SB-Pro,NUID-SB-001803,HD
Skyworth,SB,VisionBox,NUID-SB-001804,OTT
Airtel,SB,OTT-Max,NUID-SB-001805,HD
Huawei,SB,SBX-100,NUID-SB-001806,OTT
ZTE,SB,SBX-200,NUID-SB-001807,HD
Nokia,SB,SB-Pro,NUID-SB-001808,OTT
Skyworth,SB,VisionBox,NUID-SB-001809,HD
Airtel,SB,OTT-Max,NUID-SB-001810,OTT
Huawei,SB,SBX-100,NUID-SB-001811,HD
ZTE,SB,SBX-200,NUID-SB-001812,OTT
Nokia,SB,SB-Pro,NUID-SB-001813,HD
Skyworth,SB,VisionBox,NUID-SB-001814,OTT
Airtel,SB,OTT-Max,NUID-SB-001815,HD
Huawei,SB,SBX-100,NUID-SB-001816,OTT
ZTE,SB,SBX-200,NUID-SB-001817,HD
Nokia,SB,SB-Pro,NUID-SB-001818,OTT
Skyworth,SB,VisionBox,NUID-SB-001819,HD
Airtel,SB,OTT-Max,NUID-SB-001820,OTT
Huawei,SB,SBX-100,NUID-SB-001821,HD
ZTE,SB,SBX-200,NUID-SB-001822,OTT
Nokia,SB,SB-Pro,NUID-SB-001823,HD
Skyworth,SB,VisionBox,NUID-SB-001824,OTT
Airtel,SB,OTT-Max,NUID-SB-001825,HD
Huawei,SB,SBX-100,NUID-SB-001826,OTT
ZTE,SB,SBX-200,NUID-SB-001827,HD
Nokia,SB,SB-Pro,NUID-SB-001828,OTT
Skyworth,SB,VisionBox,NUID-SB-001829,HD
Airtel,SB,OTT-Max,NUID-SB-001830,OTT
Huawei,SB,SBX-100,NUID-SB-001831,HD
ZTE,SB,SBX-200,NUID-SB-001832,OTT
Nokia,SB,SB-Pro,NUID-SB-001833,HD
Skyworth,SB,VisionBox,NUID-SB-001834,OTT
Airtel,SB,OTT-Max,NUID-SB-001835,HD
Huawei,SB,SBX-100,NUID-SB-001836,OTT
ZTE,SB,SBX-200,NUID-SB-001837,HD
Nokia,SB,SB-Pro,NUID-SB-001838,OTT
Skyworth,SB,VisionBox,NUID-SB-001839,HD
Airtel,SB,OTT-Max,NUID-SB-001840,OTT
Huawei,SB,SBX-100,NUID-SB-001841,HD
ZTE,SB,SBX-200,NUID-SB-001842,OTT
Nokia,SB,SB-Pro,NUID-SB-001843,HD
Skyworth,SB,VisionBox,NUID-SB-001844,OTT
Airtel,SB,OTT-Max,NUID-SB-001845,HD
Huawei,SB,SBX-100,NUID-SB-001846,OTT
ZTE,SB,SBX-200,NUID-SB-001847,HD
Nokia,SB,SB-Pro,NUID-SB-001848,OTT
Skyworth,SB,VisionBox,NUID-SB-001849,HD
Airtel,SB,OTT-Max,NUID-SB-001850,OTT
Huawei,SB,SBX-100,NUID-SB-001851,HD
ZTE,SB,SBX-200,NUID-SB-001852,OTT
Nokia,SB,SB-Pro,NUID-SB-001853,HD
Skyworth,SB,VisionBox,NUID-SB-001854,OTT
Airtel,SB,OTT-Max,NUID-SB-001855,HD
Huawei,SB,SBX-100,NUID-SB-001856,OTT
ZTE,SB,SBX-200,NUID-SB-001857,HD
Nokia,SB,SB-Pro,NUID-SB-001858,OTT
Skyworth,SB,VisionBox,NUID-SB-001859,HD
Airtel,SB,OTT-Max,NUID-SB-001860,OTT
Huawei,SB,SBX-100,NUID-SB-001861,HD
ZTE,SB,SBX-200,NUID-SB-001862,OTT
Nokia,SB,SB-Pro,NUID-SB-001863,HD
Skyworth,SB,VisionBox,NUID-SB-001864,OTT
Airtel,SB,OTT-Max,NUID-SB-001865,HD
Huawei,SB,SBX-100,NUID-SB-001866,OTT
ZTE,SB,SBX-200,NUID-SB-001867,HD
Nokia,SB,SB-Pro,NUID-SB-001868,OTT
Skyworth,SB,VisionBox,NUID-SB-001869,HD
Airtel,SB,OTT-Max,NUID-SB-001870,OTT
Huawei,SB,SBX-100,NUID-SB-001871,HD
ZTE,SB,SBX-200,NUID-SB-001872,OTT
Nokia,SB,SB-Pro,NUID-SB-001873,HD
Skyworth,SB,VisionBox,NUID-SB-001874,OTT
Airtel,SB,OTT-Max,NUID-SB-001875,HD
Huawei,SB,SBX-100,NUID-SB-001876,OTT
ZTE,SB,SBX-200,NUID-SB-001877,HD
Nokia,SB,SB-Pro,NUID-SB-001878,OTT
Skyworth,SB,VisionBox,NUID-SB-001879,HD
Airtel,SB,OTT-Max,NUID-SB-001880,OTT
Huawei,SB,SBX-100,NUID-SB-001881,HD
ZTE,SB,SBX-200,NUID-SB-001882,OTT
Nokia,SB,SB-Pro,NUID-SB-001883,HD
Skyworth,SB,VisionBox,NUID-SB-001884,OTT
Airtel,SB,OTT-Max,NUID-SB-001885,HD
Huawei,SB,SBX-100,NUID-SB-001886,OTT
ZTE,SB,SBX-200,NUID-SB-001887,HD
Nokia,SB,SB-Pro,NUID-SB-001888,OTT
Skyworth,SB,VisionBox,NUID-SB-001889,HD
Airtel,SB,OTT-Max,NUID-SB-001890,OTT
Huawei,SB,SBX-100,NUID-SB-001891,HD
ZTE,SB,SBX-200,NUID-SB-001892,OTT
Nokia,SB,SB-Pro,NUID-SB-001893,HD
Skyworth,SB,VisionBox,NUID-SB-001894,OTT
Airtel,SB,OTT-Max,NUID-SB-001895,HD
Huawei,SB,SBX-100,NUID-SB-001896,OTT
ZTE,SB,SBX-200,NUID-SB-001897,HD
Nokia,SB,SB-Pro,NUID-SB-001898,OTT
Skyworth,SB,VisionBox,NUID-SB-001899,HD
Airtel,SB,OTT-Max,NUID-SB-001900,OTT
Huawei,SB,SBX-100,NUID-SB-001901,HD
ZTE,SB,SBX-200,NUID-SB-001902,OTT
Nokia,SB,SB-Pro,NUID-SB-001903,HD
Skyworth,SB,VisionBox,NUID-SB-001904,OTT
Airtel,SB,OTT-Max,NUID-SB-001905,HD
Huawei,SB,SBX-100,NUID-SB-001906,OTT
ZTE,SB,SBX-200,NUID-SB-001907,HD
Nokia,SB,SB-Pro,NUID-SB-001908,OTT
Skyworth,SB,VisionBox,NUID-SB-001909,HD
Airtel,SB,OTT-Max,NUID-SB-001910,OTT
Huawei,SB,SBX-100,NUID-SB-001911,HD
ZTE,SB,SBX-200,NUID-SB-001912,OTT
Nokia,SB,SB-Pro,NUID-SB-001913,HD
Skyworth,SB,VisionBox,NUID-SB-001914,OTT
Airtel,SB,OTT-Max,NUID-SB-001915,HD
Huawei,SB,SBX-100,NUID-SB-001916,OTT
ZTE,SB,SBX-200,NUID-SB-001917,HD
Nokia,SB,SB-Pro,NUID-SB-001918,OTT
Skyworth,SB,VisionBox,NUID-SB-001919,HD
Airtel,SB,OTT-Max,NUID-SB-001920,OTT
Huawei,SB,SBX-100,NUID-SB-001921,HD
ZTE,SB,SBX-200,NUID-SB-001922,OTT
Nokia,SB,SB-Pro,NUID-SB-001923,HD
Skyworth,SB,VisionBox,NUID-SB-001924,OTT
Airtel,SB,OTT-Max,NUID-SB-001925,HD
Huawei,SB,SBX-100,NUID-SB-001926,OTT
ZTE,SB,SBX-200,NUID-SB-001927,HD
Nokia,SB,SB-Pro,NUID-SB-001928,OTT
Skyworth,SB,VisionBox,NUID-SB-001929,HD
Airtel,SB,OTT-Max,NUID-SB-001930,OTT
Huawei,SB,SBX-100,NUID-SB-001931,HD
ZTE,SB,SBX-200,NUID-SB-001932,OTT
Nokia,SB,SB-Pro,NUID-SB-001933,HD
Skyworth,SB,VisionBox,NUID-SB-001934,OTT
Airtel,SB,OTT-Max,NUID-SB-001935,HD
Huawei,SB,SBX-100,NUID-SB-001936,OTT
ZTE,SB,SBX-200,NUID-SB-001937,HD
Nokia,SB,SB-Pro,NUID-SB-001938,OTT
Skyworth,SB,VisionBox,NUID-SB-001939,HD
Airtel,SB,OTT-Max,NUID-SB-001940,OTT
Huawei,SB,SBX-100,NUID-SB-001941,HD
ZTE,SB,SBX-200,NUID-SB-001942,OTT
Nokia,SB,SB-Pro,NUID-SB-001943,HD
Skyworth,SB,VisionBox,NUID-SB-001944,OTT
Airtel,SB,OTT-Max,NUID-SB-001945,HD
Huawei,SB,SBX-100,NUID-SB-001946,OTT
ZTE,SB,SBX-200,NUID-SB-001947,HD
Nokia,SB,SB-Pro,NUID-SB-001948,OTT
Skyworth,SB,VisionBox,NUID-SB-001949,HD
Airtel,SB,OTT-Max,NUID-SB-001950,OTT
Huawei,SB,SBX-100,NUID-SB-001951,HD
ZTE,SB,SBX-200,NUID-SB-001952,OTT
Nokia,SB,SB-Pro,NUID-SB-001953,HD
Skyworth,SB,VisionBox,NUID-SB-001954,OTT
Airtel,SB,OTT-Max,NUID-SB-001955,HD
Huawei,SB,SBX-100,NUID-SB-001956,OTT
ZTE,SB,SBX-200,NUID-SB-001957,HD
Nokia,SB,SB-Pro,NUID-SB-001958,OTT
Skyworth,SB,VisionBox,NUID-SB-001959,HD
Airtel,SB,OTT-Max,NUID-SB-001960,OTT
Huawei,SB,SBX-100,NUID-SB-001961,HD
ZTE,SB,SBX-200,NUID-SB-001962,OTT
Nokia,SB,SB-Pro,NUID-SB-001963,HD
Skyworth,SB,VisionBox,NUID-SB-001964,OTT
Airtel,SB,OTT-Max,NUID-SB-001965,HD
Huawei,SB,SBX-100,NUID-SB-001966,OTT
ZTE,SB,SBX-200,NUID-SB-001967,HD
Nokia,SB,SB-Pro,NUID-SB-001968,OTT
Skyworth,SB,VisionBox,NUID-SB-001969,HD
Airtel,SB,OTT-Max,NUID-SB-001970,OTT
Huawei,SB,SBX-100,NUID-SB-001971,HD
ZTE,SB,SBX-200,NUID-SB-001972,OTT
Nokia,SB,SB-Pro,NUID-SB-001973,HD
Skyworth,SB,VisionBox,NUID-SB-001974,OTT
Airtel,SB,OTT-Max,NUID-SB-001975,HD
Huawei,SB,SBX-100,NUID-SB-001976,OTT
ZTE,SB,SBX-200,NUID-SB-001977,HD
Nokia,SB,SB-Pro,NUID-SB-001978,OTT
Skyworth,SB,VisionBox,NUID-SB-001979,HD
Airtel,SB,OTT-Max,NUID-SB-001980,OTT
Huawei,SB,SBX-100,NUID-SB-001981,HD
ZTE,SB,SBX-200,NUID-SB-001982,OTT
Nokia,SB,SB-Pro,NUID-SB-001983,HD
Skyworth,SB,VisionBox,NUID-SB-001984,OTT
Airtel,SB,OTT-Max,NUID-SB-001985,HD
Huawei,SB,SBX-100,NUID-SB-001986,OTT
ZTE,SB,SBX-200,NUID-SB-001987,HD
Nokia,SB,SB-Pro,NUID-SB-001988,OTT
Skyworth,SB,VisionBox,NUID-SB-001989,HD
Airtel,SB,OTT-Max,NUID-SB-001990,OTT
Huawei,SB,SBX-100,NUID-SB-001991,HD
ZTE,SB,SBX-200,NUID-SB-001992,OTT
Nokia,SB,SB-Pro,NUID-SB-001993,HD
Skyworth,SB,VisionBox,NUID-SB-001994,OTT
Airtel,SB,OTT-Max,NUID-SB-001995,HD
Huawei,SB,SBX-100,NUID-SB-001996,OTT
ZTE,SB,SBX-200,NUID-SB-001997,HD
Nokia,SB,SB-Pro,NUID-SB-001998,OTT
Skyworth,SB,VisionBox,NUID-SB-001999,HD
Airtel,SB,OTT-Max,NUID-SB-002000,OTT
