mac_address,serial_number,nuid
,SN-ONT-00001,
,SN-ONU-00002,
,SN-Router-00003,
,SN-Switch-00004,
,SN-Modem-00005,
,SN-AccessPoint-00006,
,SN-Other-00007,
,SN-ONT-00008,
,SN-ONU-00009,
,SN-Router-00010,
,SN-Switch-00011,
,SN-Modem-00012,
,SN-AccessPoint-00013,
,SN-Other-00014,
,SN-ONT-00015,
,SN-ONU-00016,
,SN-Router-00017,
,SN-Switch-00018,
,SN-Modem-00019,
,SN-AccessPoint-00020,
,SN-Other-00021,
,SN-ONT-00022,
,SN-ONU-00023,
,SN-Router-00024,
,SN-Switch-00025,
,SN-Modem-00026,
,SN-AccessPoint-00027,
,SN-Other-00028,
,SN-ONT-00029,
,SN-ONU-00030,
,SN-Router-00031,
,SN-Switch-00032,
,SN-Modem-00033,
,SN-AccessPoint-00034,
,SN-Other-00035,
,SN-ONT-00036,
,SN-ONU-00037,
,SN-Router-00038,
,SN-Switch-00039,
,SN-Modem-00040,
,SN-AccessPoint-00041,
,SN-Other-00042,
,SN-ONT-00043,
,SN-ONU-00044,
,SN-Router-00045,
,SN-Switch-00046,
,SN-Modem-00047,
,SN-AccessPoint-00048,
,SN-Other-00049,
,SN-ONT-00050,
,SN-ONU-00051,
,SN-Router-00052,
,SN-Switch-00053,
,SN-Modem-00054,
,SN-AccessPoint-00055,
,SN-Other-00056,
,SN-ONT-00057,
,SN-ONU-00058,
,SN-Router-00059,
,SN-Switch-00060,
,SN-Modem-00061,
,SN-AccessPoint-00062,
,SN-Other-00063,
,SN-ONT-00064,
,SN-ONU-00065,
,SN-Router-00066,
,SN-Switch-00067,
,SN-Modem-00068,
,SN-AccessPoint-00069,
,SN-Other-00070,
,SN-ONT-00071,
,SN-ONU-00072,
,SN-Router-00073,
,SN-Switch-00074,
,SN-Modem-00075,
,SN-AccessPoint-00076,
,SN-Other-00077,
,SN-ONT-00078,
,SN-ONU-00079,
,SN-Router-00080,
,SN-Switch-00081,
,SN-Modem-00082,
,SN-AccessPoint-00083,
,SN-Other-00084,
,SN-ONT-00085,
,SN-ONU-00086,
,SN-Router-00087,
,SN-Switch-00088,
,SN-Modem-00089,
,SN-AccessPoint-00090,
,SN-Other-00091,
,SN-ONT-00092,
,SN-ONU-00093,
,SN-Router-00094,
,SN-Switch-00095,
,SN-Modem-00096,
,SN-AccessPoint-00097,
,SN-Other-00098,
,SN-ONT-00099,
,SN-ONU-00100,
,SN-Router-00101,
,SN-Switch-00102,
,SN-Modem-00103,
,SN-AccessPoint-00104,
,SN-Other-00105,
,SN-ONT-00106,
,SN-ONU-00107,
,SN-Router-00108,
,SN-Switch-00109,
,SN-Modem-00110,
,SN-AccessPoint-00111,
,SN-Other-00112,
,SN-ONT-00113,
,SN-ONU-00114,
,SN-Router-00115,
,SN-Switch-00116,
,SN-Modem-00117,
,SN-AccessPoint-00118,
,SN-Other-00119,
,SN-ONT-00120,
,SN-ONU-00121,
,SN-Router-00122,
,SN-Switch-00123,
,SN-Modem-00124,
,SN-AccessPoint-00125,
,SN-Other-00126,
,SN-ONT-00127,
,SN-ONU-00128,
,SN-Router-00129,
,SN-Switch-00130,
,SN-Modem-00131,
,SN-AccessPoint-00132,
,SN-Other-00133,
,SN-ONT-00134,
,SN-ONU-00135,
,SN-Router-00136,
,SN-Switch-00137,
,SN-Modem-00138,
,SN-AccessPoint-00139,
,SN-Other-00140,
,SN-ONT-00141,
,SN-ONU-00142,
,SN-Router-00143,
,SN-Switch-00144,
,SN-Modem-00145,
,SN-AccessPoint-00146,
,SN-Other-00147,
,SN-ONT-00148,
,SN-ONU-00149,
,SN-Router-00150,
,SN-Switch-00151,
,SN-Modem-00152,
,SN-AccessPoint-00153,
,SN-Other-00154,
,SN-ONT-00155,
,SN-ONU-00156,
,SN-Router-00157,
,SN-Switch-00158,
,SN-Modem-00159,
,SN-AccessPoint-00160,
,SN-Other-00161,
,SN-ONT-00162,
,SN-ONU-00163,
,SN-Router-00164,
,SN-Switch-00165,
,SN-Modem-00166,
,SN-AccessPoint-00167,
,SN-Other-00168,
,SN-ONT-00169,
,SN-ONU-00170,
,SN-Router-00171,
,SN-Switch-00172,
,SN-Modem-00173,
,SN-AccessPoint-00174,
,SN-Other-00175,
,SN-ONT-00176,
,SN-ONU-00177,
,SN-Router-00178,
,SN-Switch-00179,
,SN-Modem-00180,
,SN-AccessPoint-00181,
,SN-Other-00182,
,SN-ONT-00183,
,SN-ONU-00184,
,SN-Router-00185,
,SN-Switch-00186,
,SN-Modem-00187,
,SN-AccessPoint-00188,
,SN-Other-00189,
,SN-ONT-00190,
,SN-ONU-00191,
,SN-Router-00192,
,SN-Switch-00193,
,SN-Modem-00194,
,SN-AccessPoint-00195,
,SN-Other-00196,
,SN-ONT-00197,
,SN-ONU-00198,
,SN-Router-00199,
,SN-Switch-00200,
,SN-Modem-00201,
,SN-AccessPoint-00202,
,SN-Other-00203,
,SN-ONT-00204,
,SN-ONU-00205,
,SN-Router-00206,
,SN-Switch-00207,
,SN-Modem-00208,
,SN-AccessPoint-00209,
,SN-Other-00210,
,SN-ONT-00211,
,SN-ONU-00212,
,SN-Router-00213,
,SN-Switch-00214,
,SN-Modem-00215,
,SN-AccessPoint-00216,
,SN-Other-00217,
,SN-ONT-00218,
,SN-ONU-00219,
,SN-Router-00220,
,SN-Switch-00221,
,SN-Modem-00222,
,SN-AccessPoint-00223,
,SN-Other-00224,
,SN-ONT-00225,
,SN-ONU-00226,
,SN-Router-00227,
,SN-Switch-00228,
,SN-Modem-00229,
,SN-AccessPoint-00230,
,SN-Other-00231,
,SN-ONT-00232,
,SN-ONU-00233,
,SN-Router-00234,
,SN-Switch-00235,
,SN-Modem-00236,
,SN-AccessPoint-00237,
,SN-Other-00238,
,SN-ONT-00239,
,SN-ONU-00240,
,SN-Router-00241,
,SN-Switch-00242,
,SN-Modem-00243,
,SN-AccessPoint-00244,
,SN-Other-00245,
,SN-ONT-00246,
,SN-ONU-00247,
,SN-Router-00248,
,SN-Switch-00249,
,SN-Modem-00250,
,SN-AccessPoint-00251,
,SN-Other-00252,
,SN-ONT-00253,
,SN-ONU-00254,
,SN-Router-00255,
,SN-Switch-00256,
,SN-Modem-00257,
,SN-AccessPoint-00258,
,SN-Other-00259,
,SN-ONT-00260,
,SN-ONU-00261,
,SN-Router-00262,
,SN-Switch-00263,
,SN-Modem-00264,
,SN-AccessPoint-00265,
,SN-Other-00266,
,SN-ONT-00267,
,SN-ONU-00268,
,SN-Router-00269,
,SN-Switch-00270,
,SN-Modem-00271,
,SN-AccessPoint-00272,
,SN-Other-00273,
,SN-ONT-00274,
,SN-ONU-00275,
,SN-Router-00276,
,SN-Switch-00277,
,SN-Modem-00278,
,SN-AccessPoint-00279,
,SN-Other-00280,
,SN-ONT-00281,
,SN-ONU-00282,
,SN-Router-00283,
,SN-Switch-00284,
,SN-Modem-00285,
,SN-AccessPoint-00286,
,SN-Other-00287,
,SN-ONT-00288,
,SN-ONU-00289,
,SN-Router-00290,
,SN-Switch-00291,
,SN-Modem-00292,
,SN-AccessPoint-00293,
,SN-Other-00294,
,SN-ONT-00295,
,SN-ONU-00296,
,SN-Router-00297,
,SN-Switch-00298,
,SN-Modem-00299,
,SN-AccessPoint-00300,
,SN-Other-00301,
,SN-ONT-00302,
,SN-ONU-00303,
,SN-Router-00304,
,SN-Switch-00305,
,SN-Modem-00306,
,SN-AccessPoint-00307,
,SN-Other-00308,
,SN-ONT-00309,
,SN-ONU-00310,
,SN-Router-00311,
,SN-Switch-00312,
,SN-Modem-00313,
,SN-AccessPoint-00314,
,SN-Other-00315,
,SN-ONT-00316,
,SN-ONU-00317,
,SN-Router-00318,
,SN-Switch-00319,
,SN-Modem-00320,
,SN-AccessPoint-00321,
,SN-Other-00322,
,SN-ONT-00323,
,SN-ONU-00324,
,SN-Router-00325,
,SN-Switch-00326,
,SN-Modem-00327,
,SN-AccessPoint-00328,
,SN-Other-00329,
,SN-ONT-00330,
,SN-ONU-00331,
,SN-Router-00332,
,SN-Switch-00333,
,SN-Modem-00334,
,SN-AccessPoint-00335,
,SN-Other-00336,
,SN-ONT-00337,
,SN-ONU-00338,
,SN-Router-00339,
,SN-Switch-00340,
,SN-Modem-00341,
,SN-AccessPoint-00342,
,SN-Other-00343,
,SN-ONT-00344,
,SN-ONU-00345,
,SN-Router-00346,
,SN-Switch-00347,
,SN-Modem-00348,
,SN-AccessPoint-00349,
,SN-Other-00350,
,SN-ONT-00351,
,SN-ONU-00352,
,SN-Router-00353,
,SN-Switch-00354,
,SN-Modem-00355,
,SN-AccessPoint-00356,
,SN-Other-00357,
,SN-ONT-00358,
,SN-ONU-00359,
,SN-Router-00360,
,SN-Switch-00361,
,SN-Modem-00362,
,SN-AccessPoint-00363,
,SN-Other-00364,
,SN-ONT-00365,
,SN-ONU-00366,
,SN-Router-00367,
,SN-Switch-00368,
,SN-Modem-00369,
,SN-AccessPoint-00370,
,SN-Other-00371,
,SN-ONT-00372,
,SN-ONU-00373,
,SN-Router-00374,
,SN-Switch-00375,
,SN-Modem-00376,
,SN-AccessPoint-00377,
,SN-Other-00378,
,SN-ONT-00379,
,SN-ONU-00380,
,SN-Router-00381,
,SN-Switch-00382,
,SN-Modem-00383,
,SN-AccessPoint-00384,
,SN-Other-00385,
,SN-ONT-00386,
,SN-ONU-00387,
,SN-Router-00388,
,SN-Switch-00389,
,SN-Modem-00390,
,SN-AccessPoint-00391,
,SN-Other-00392,
,SN-ONT-00393,
,SN-ONU-00394,
,SN-Router-00395,
,SN-Switch-00396,
,SN-Modem-00397,
,SN-AccessPoint-00398,
,SN-Other-00399,
,SN-ONT-00400,
,SN-ONU-00401,
,SN-Router-00402,
,SN-Switch-00403,
,SN-Modem-00404,
,SN-AccessPoint-00405,
,SN-Other-00406,
,SN-ONT-00407,
,SN-ONU-00408,
,SN-Router-00409,
,SN-Switch-00410,
,SN-Modem-00411,
,SN-AccessPoint-00412,
,SN-Other-00413,
,SN-ONT-00414,
,SN-ONU-00415,
,SN-Router-00416,
,SN-Switch-00417,
,SN-Modem-00418,
,SN-AccessPoint-00419,
,SN-Other-00420,
,SN-ONT-00421,
,SN-ONU-00422,
,SN-Router-00423,
,SN-Switch-00424,
,SN-Modem-00425,
,SN-AccessPoint-00426,
,SN-Other-00427,
,SN-ONT-00428,
,SN-ONU-00429,
,SN-Router-00430,
,SN-Switch-00431,
,SN-Modem-00432,
,SN-AccessPoint-00433,
,SN-Other-00434,
,SN-ONT-00435,
,SN-ONU-00436,
,SN-Router-00437,
,SN-Switch-00438,
,SN-Modem-00439,
,SN-AccessPoint-00440,
,SN-Other-00441,
,SN-ONT-00442,
,SN-ONU-00443,
,SN-Router-00444,
,SN-Switch-00445,
,SN-Modem-00446,
,SN-AccessPoint-00447,
,SN-Other-00448,
,SN-ONT-00449,
,SN-ONU-00450,
,SN-Router-00451,
,SN-Switch-00452,
,SN-Modem-00453,
,SN-AccessPoint-00454,
,SN-Other-00455,
,SN-ONT-00456,
,SN-ONU-00457,
,SN-Router-00458,
,SN-Switch-00459,
,SN-Modem-00460,
,SN-AccessPoint-00461,
,SN-Other-00462,
,SN-ONT-00463,
,SN-ONU-00464,
,SN-Router-00465,
,SN-Switch-00466,
,SN-Modem-00467,
,SN-AccessPoint-00468,
,SN-Other-00469,
,SN-ONT-00470,
,SN-ONU-00471,
,SN-Router-00472,
,SN-Switch-00473,
,SN-Modem-00474,
,SN-AccessPoint-00475,
,SN-Other-00476,
,SN-ONT-00477,
,SN-ONU-00478,
,SN-Router-00479,
,SN-Switch-00480,
,SN-Modem-00481,
,SN-AccessPoint-00482,
,SN-Other-00483,
,SN-ONT-00484,
,SN-ONU-00485,
,SN-Router-00486,
,SN-Switch-00487,
,SN-Modem-00488,
,SN-AccessPoint-00489,
,SN-Other-00490,
,SN-ONT-00491,
,SN-ONU-00492,
,SN-Router-00493,
,SN-Switch-00494,
,SN-Modem-00495,
,SN-AccessPoint-00496,
,SN-Other-00497,
,SN-ONT-00498,
,SN-ONU-00499,
,SN-Router-00500,
,SN-Switch-00501,
,SN-Modem-00502,
,SN-AccessPoint-00503,
,SN-Other-00504,
,SN-ONT-00505,
,SN-ONU-00506,
,SN-Router-00507,
,SN-Switch-00508,
,SN-Modem-00509,
,SN-AccessPoint-00510,
,SN-Other-00511,
,SN-ONT-00512,
,SN-ONU-00513,
,SN-Router-00514,
,SN-Switch-00515,
,SN-Modem-00516,
,SN-AccessPoint-00517,
,SN-Other-00518,
,SN-ONT-00519,
,SN-ONU-00520,
,SN-Router-00521,
,SN-Switch-00522,
,SN-Modem-00523,
,SN-AccessPoint-00524,
,SN-Other-00525,
,SN-ONT-00526,
,SN-ONU-00527,
,SN-Router-00528,
,SN-Switch-00529,
,SN-Modem-00530,
,SN-AccessPoint-00531,
,SN-Other-00532,
,SN-ONT-00533,
,SN-ONU-00534,
,SN-Router-00535,
,SN-Switch-00536,
,SN-Modem-00537,
,SN-AccessPoint-00538,
,SN-Other-00539,
,SN-ONT-00540,
,SN-ONU-00541,
,SN-Router-00542,
,SN-Switch-00543,
,SN-Modem-00544,
,SN-AccessPoint-00545,
,SN-Other-00546,
,SN-ONT-00547,
,SN-ONU-00548,
,SN-Router-00549,
,SN-Switch-00550,
,SN-Modem-00551,
,SN-AccessPoint-00552,
,SN-Other-00553,
,SN-ONT-00554,
,SN-ONU-00555,
,SN-Router-00556,
,SN-Switch-00557,
,SN-Modem-00558,
,SN-AccessPoint-00559,
,SN-Other-00560,
,SN-ONT-00561,
,SN-ONU-00562,
,SN-Router-00563,
,SN-Switch-00564,
,SN-Modem-00565,
,SN-AccessPoint-00566,
,SN-Other-00567,
,SN-ONT-00568,
,SN-ONU-00569,
,SN-Router-00570,
,SN-Switch-00571,
,SN-Modem-00572,
,SN-AccessPoint-00573,
,SN-Other-00574,
,SN-ONT-00575,
,SN-ONU-00576,
,SN-Router-00577,
,SN-Switch-00578,
,SN-Modem-00579,
,SN-AccessPoint-00580,
,SN-Other-00581,
,SN-ONT-00582,
,SN-ONU-00583,
,SN-Router-00584,
,SN-Switch-00585,
,SN-Modem-00586,
,SN-AccessPoint-00587,
,SN-Other-00588,
,SN-ONT-00589,
,SN-ONU-00590,
,SN-Router-00591,
,SN-Switch-00592,
,SN-Modem-00593,
,SN-AccessPoint-00594,
,SN-Other-00595,
,SN-ONT-00596,
,SN-ONU-00597,
,SN-Router-00598,
,SN-Switch-00599,
,SN-Modem-00600,
,SN-AccessPoint-00601,
,SN-Other-00602,
,SN-ONT-00603,
,SN-ONU-00604,
,SN-Router-00605,
,SN-Switch-00606,
,SN-Modem-00607,
,SN-AccessPoint-00608,
,SN-Other-00609,
,SN-ONT-00610,
,SN-ONU-00611,
,SN-Router-00612,
,SN-Switch-00613,
,SN-Modem-00614,
,SN-AccessPoint-00615,
,SN-Other-00616,
,SN-ONT-00617,
,SN-ONU-00618,
,SN-Router-00619,
,SN-Switch-00620,
,SN-Modem-00621,
,SN-AccessPoint-00622,
,SN-Other-00623,
,SN-ONT-00624,
,SN-ONU-00625,
,SN-Router-00626,
,SN-Switch-00627,
,SN-Modem-00628,
,SN-AccessPoint-00629,
,SN-Other-00630,
,SN-ONT-00631,
,SN-ONU-00632,
,SN-Router-00633,
,SN-Switch-00634,
,SN-Modem-00635,
,SN-AccessPoint-00636,
,SN-Other-00637,
,SN-ONT-00638,
,SN-ONU-00639,
,SN-Router-00640,
,SN-Switch-00641,
,SN-Modem-00642,
,SN-AccessPoint-00643,
,SN-Other-00644,
,SN-ONT-00645,
,SN-ONU-00646,
,SN-Router-00647,
,SN-Switch-00648,
,SN-Modem-00649,
,SN-AccessPoint-00650,
,SN-Other-00651,
,SN-ONT-00652,
,SN-ONU-00653,
,SN-Router-00654,
,SN-Switch-00655,
,SN-Modem-00656,
,SN-AccessPoint-00657,
,SN-Other-00658,
,SN-ONT-00659,
,SN-ONU-00660,
,SN-Router-00661,
,SN-Switch-00662,
,SN-Modem-00663,
,SN-AccessPoint-00664,
,SN-Other-00665,
,SN-ONT-00666,
,SN-ONU-00667,
,SN-Router-00668,
,SN-Switch-00669,
,SN-Modem-00670,
,SN-AccessPoint-00671,
,SN-Other-00672,
,SN-ONT-00673,
,SN-ONU-00674,
,SN-Router-00675,
,SN-Switch-00676,
,SN-Modem-00677,
,SN-AccessPoint-00678,
,SN-Other-00679,
,SN-ONT-00680,
,SN-ONU-00681,
,SN-Router-00682,
,SN-Switch-00683,
,SN-Modem-00684,
,SN-AccessPoint-00685,
,SN-Other-00686,
,SN-ONT-00687,
,SN-ONU-00688,
,SN-Router-00689,
,SN-Switch-00690,
,SN-Modem-00691,
,SN-AccessPoint-00692,
,SN-Other-00693,
,SN-ONT-00694,
,SN-ONU-00695,
,SN-Router-00696,
,SN-Switch-00697,
,SN-Modem-00698,
,SN-AccessPoint-00699,
,SN-Other-00700,
,SN-ONT-00701,
,SN-ONU-00702,
,SN-Router-00703,
,SN-Switch-00704,
,SN-Modem-00705,
,SN-AccessPoint-00706,
,SN-Other-00707,
,SN-ONT-00708,
,SN-ONU-00709,
,SN-Router-00710,
,SN-Switch-00711,
,SN-Modem-00712,
,SN-AccessPoint-00713,
,SN-Other-00714,
,SN-ONT-00715,
,SN-ONU-00716,
,SN-Router-00717,
,SN-Switch-00718,
,SN-Modem-00719,
,SN-AccessPoint-00720,
,SN-Other-00721,
,SN-ONT-00722,
,SN-ONU-00723,
,SN-Router-00724,
,SN-Switch-00725,
,SN-Modem-00726,
,SN-AccessPoint-00727,
,SN-Other-00728,
,SN-ONT-00729,
,SN-ONU-00730,
,SN-Router-00731,
,SN-Switch-00732,
,SN-Modem-00733,
,SN-AccessPoint-00734,
,SN-Other-00735,
,SN-ONT-00736,
,SN-ONU-00737,
,SN-Router-00738,
,SN-Switch-00739,
,SN-Modem-00740,
,SN-AccessPoint-00741,
,SN-Other-00742,
,SN-ONT-00743,
,SN-ONU-00744,
,SN-Router-00745,
,SN-Switch-00746,
,SN-Modem-00747,
,SN-AccessPoint-00748,
,SN-Other-00749,
,SN-ONT-00750,
,SN-ONU-00751,
,SN-Router-00752,
,SN-Switch-00753,
,SN-Modem-00754,
,SN-AccessPoint-00755,
,SN-Other-00756,
,SN-ONT-00757,
,SN-ONU-00758,
,SN-Router-00759,
,SN-Switch-00760,
,SN-Modem-00761,
,SN-AccessPoint-00762,
,SN-Other-00763,
,SN-ONT-00764,
,SN-ONU-00765,
,SN-Router-00766,
,SN-Switch-00767,
,SN-Modem-00768,
,SN-AccessPoint-00769,
,SN-Other-00770,
,SN-ONT-00771,
,SN-ONU-00772,
,SN-Router-00773,
,SN-Switch-00774,
,SN-Modem-00775,
,SN-AccessPoint-00776,
,SN-Other-00777,
,SN-ONT-00778,
,SN-ONU-00779,
,SN-Router-00780,
,SN-Switch-00781,
,SN-Modem-00782,
,SN-AccessPoint-00783,
,SN-Other-00784,
,SN-ONT-00785,
,SN-ONU-00786,
,SN-Router-00787,
,SN-Switch-00788,
,SN-Modem-00789,
,SN-AccessPoint-00790,
,SN-Other-00791,
,SN-ONT-00792,
,SN-ONU-00793,
,SN-Router-00794,
,SN-Switch-00795,
,SN-Modem-00796,
,SN-AccessPoint-00797,
,SN-Other-00798,
,SN-ONT-00799,
,SN-ONU-00800,
,SN-Router-00801,
,SN-Switch-00802,
,SN-Modem-00803,
,SN-AccessPoint-00804,
,SN-Other-00805,
,SN-ONT-00806,
,SN-ONU-00807,
,SN-Router-00808,
,SN-Switch-00809,
,SN-Modem-00810,
,SN-AccessPoint-00811,
,SN-Other-00812,
,SN-ONT-00813,
,SN-ONU-00814,
,SN-Router-00815,
,SN-Switch-00816,
,SN-Modem-00817,
,SN-AccessPoint-00818,
,SN-Other-00819,
,SN-ONT-00820,
,SN-ONU-00821,
,SN-Router-00822,
,SN-Switch-00823,
,SN-Modem-00824,
,SN-AccessPoint-00825,
,SN-Other-00826,
,SN-ONT-00827,
,SN-ONU-00828,
,SN-Router-00829,
,SN-Switch-00830,
,SN-Modem-00831,
,SN-AccessPoint-00832,
,SN-Other-00833,
,SN-ONT-00834,
,SN-ONU-00835,
,SN-Router-00836,
,SN-Switch-00837,
,SN-Modem-00838,
,SN-AccessPoint-00839,
,SN-Other-00840,
,SN-ONT-00841,
,SN-ONU-00842,
,SN-Router-00843,
,SN-Switch-00844,
,SN-Modem-00845,
,SN-AccessPoint-00846,
,SN-Other-00847,
,SN-ONT-00848,
,SN-ONU-00849,
,SN-Router-00850,
,SN-Switch-00851,
,SN-Modem-00852,
,SN-AccessPoint-00853,
,SN-Other-00854,
,SN-ONT-00855,
,SN-ONU-00856,
,SN-Router-00857,
,SN-Switch-00858,
,SN-Modem-00859,
,SN-AccessPoint-00860,
,SN-Other-00861,
,SN-ONT-00862,
,SN-ONU-00863,
,SN-Router-00864,
,SN-Switch-00865,
,SN-Modem-00866,
,SN-AccessPoint-00867,
,SN-Other-00868,
,SN-ONT-00869,
,SN-ONU-00870,
,SN-Router-00871,
,SN-Switch-00872,
,SN-Modem-00873,
,SN-AccessPoint-00874,
,SN-Other-00875,
,SN-ONT-00876,
,SN-ONU-00877,
,SN-Router-00878,
,SN-Switch-00879,
,SN-Modem-00880,
,SN-AccessPoint-00881,
,SN-Other-00882,
,SN-ONT-00883,
,SN-ONU-00884,
,SN-Router-00885,
,SN-Switch-00886,
,SN-Modem-00887,
,SN-AccessPoint-00888,
,SN-Other-00889,
,SN-ONT-00890,
,SN-ONU-00891,
,SN-Router-00892,
,SN-Switch-00893,
,SN-Modem-00894,
,SN-AccessPoint-00895,
,SN-Other-00896,
,SN-ONT-00897,
,SN-ONU-00898,
,SN-Router-00899,
,SN-Switch-00900,
,SN-Modem-00901,
,SN-AccessPoint-00902,
,SN-Other-00903,
,SN-ONT-00904,
,SN-ONU-00905,
,SN-Router-00906,
,SN-Switch-00907,
,SN-Modem-00908,
,SN-AccessPoint-00909,
,SN-Other-00910,
,SN-ONT-00911,
,SN-ONU-00912,
,SN-Router-00913,
,SN-Switch-00914,
,SN-Modem-00915,
,SN-AccessPoint-00916,
,SN-Other-00917,
,SN-ONT-00918,
,SN-ONU-00919,
,SN-Router-00920,
,SN-Switch-00921,
,SN-Modem-00922,
,SN-AccessPoint-00923,
,SN-Other-00924,
,SN-ONT-00925,
,SN-ONU-00926,
,SN-Router-00927,
,SN-Switch-00928,
,SN-Modem-00929,
,SN-AccessPoint-00930,
,SN-Other-00931,
,SN-ONT-00932,
,SN-ONU-00933,
,SN-Router-00934,
,SN-Switch-00935,
,SN-Modem-00936,
,SN-AccessPoint-00937,
,SN-Other-00938,
,SN-ONT-00939,
,SN-ONU-00940,
,SN-Router-00941,
,SN-Switch-00942,
,SN-Modem-00943,
,SN-AccessPoint-00944,
,SN-Other-00945,
,SN-ONT-00946,
,SN-ONU-00947,
,SN-Router-00948,
,SN-Switch-00949,
,SN-Modem-00950,
,SN-AccessPoint-00951,
,SN-Other-00952,
,SN-ONT-00953,
,SN-ONU-00954,
,SN-Router-00955,
,SN-Switch-00956,
,SN-Modem-00957,
,SN-AccessPoint-00958,
,SN-Other-00959,
,SN-ONT-00960,
,SN-ONU-00961,
,SN-Router-00962,
,SN-Switch-00963,
,SN-Modem-00964,
,SN-AccessPoint-00965,
,SN-Other-00966,
,SN-ONT-00967,
,SN-ONU-00968,
,SN-Router-00969,
,SN-Switch-00970,
,SN-Modem-00971,
,SN-AccessPoint-00972,
,SN-Other-00973,
,SN-ONT-00974,
,SN-ONU-00975,
,SN-Router-00976,
,SN-Switch-00977,
,SN-Modem-00978,
,SN-AccessPoint-00979,
,SN-Other-00980,
,SN-ONT-00981,
,SN-ONU-00982,
,SN-Router-00983,
,SN-Switch-00984,
,SN-Modem-00985,
,SN-AccessPoint-00986,
,SN-Other-00987,
,SN-ONT-00988,
,SN-ONU-00989,
,SN-Router-00990,
,SN-Switch-00991,
,SN-Modem-00992,
,SN-AccessPoint-00993,
,SN-Other-00994,
,SN-ONT-00995,
,SN-ONU-00996,
,SN-Router-00997,
,SN-Switch-00998,
,SN-Modem-00999,
,SN-AccessPoint-01000,
,,NUID-SB-000001
,,NUID-SB-000002
,,NUID-SB-000003
,,NUID-SB-000004
,,NUID-SB-000005
,,NUID-SB-000006
,,NUID-SB-000007
,,NUID-SB-000008
,,NUID-SB-000009
,,NUID-SB-000010
,,NUID-SB-000011
,,NUID-SB-000012
,,NUID-SB-000013
,,NUID-SB-000014
,,NUID-SB-000015
,,NUID-SB-000016
,,NUID-SB-000017
,,NUID-SB-000018
,,NUID-SB-000019
,,NUID-SB-000020
,,NUID-SB-000021
,,NUID-SB-000022
,,NUID-SB-000023
,,NUID-SB-000024
,,NUID-SB-000025
,,NUID-SB-000026
,,NUID-SB-000027
,,NUID-SB-000028
,,NUID-SB-000029
,,NUID-SB-000030
,,NUID-SB-000031
,,NUID-SB-000032
,,NUID-SB-000033
,,NUID-SB-000034
,,NUID-SB-000035
,,NUID-SB-000036
,,NUID-SB-000037
,,NUID-SB-000038
,,NUID-SB-000039
,,NUID-SB-000040
,,NUID-SB-000041
,,NUID-SB-000042
,,NUID-SB-000043
,,NUID-SB-000044
,,NUID-SB-000045
,,NUID-SB-000046
,,NUID-SB-000047
,,NUID-SB-000048
,,NUID-SB-000049
,,NUID-SB-000050
,,NUID-SB-000051
,,NUID-SB-000052
,,NUID-SB-000053
,,NUID-SB-000054
,,NUID-SB-000055
,,NUID-SB-000056
,,NUID-SB-000057
,,NUID-SB-000058
,,NUID-SB-000059
,,NUID-SB-000060
,,NUID-SB-000061
,,NUID-SB-000062
,,NUID-SB-000063
,,NUID-SB-000064
,,NUID-SB-000065
,,NUID-SB-000066
,,NUID-SB-000067
,,NUID-SB-000068
,,NUID-SB-000069
,,NUID-SB-000070
,,NUID-SB-000071
,,NUID-SB-000072
,,NUID-SB-000073
,,NUID-SB-000074
,,NUID-SB-000075
,,NUID-SB-000076
,,NUID-SB-000077
,,NUID-SB-000078
,,NUID-SB-000079
,,NUID-SB-000080
,,NUID-SB-000081
,,NUID-SB-000082
,,NUID-SB-000083
,,NUID-SB-000084
,,NUID-SB-000085
,,NUID-SB-000086
,,NUID-SB-000087
,,NUID-SB-000088
,,NUID-SB-000089
,,NUID-SB-000090
,,NUID-SB-000091
,,NUID-SB-000092
,,NUID-SB-000093
,,NUID-SB-000094
,,NUID-SB-000095
,,NUID-SB-000096
,,NUID-SB-000097
,,NUID-SB-000098
,,NUID-SB-000099
,,NUID-SB-000100
,,NUID-SB-000101
,,NUID-SB-000102
,,NUID-SB-000103
,,NUID-SB-000104
,,NUID-SB-000105
,,NUID-SB-000106
,,NUID-SB-000107
,,NUID-SB-000108
,,NUID-SB-000109
,,NUID-SB-000110
,,NUID-SB-000111
,,NUID-SB-000112
,,NUID-SB-000113
,,NUID-SB-000114
,,NUID-SB-000115
,,NUID-SB-000116
,,NUID-SB-000117
,,NUID-SB-000118
,,NUID-SB-000119
,,NUID-SB-000120
,,NUID-SB-000121
,,NUID-SB-000122
,,NUID-SB-000123
,,NUID-SB-000124
,,NUID-SB-000125
,,NUID-SB-000126
,,NUID-SB-000127
,,NUID-SB-000128
,,NUID-SB-000129
,,NUID-SB-000130
,,NUID-SB-000131
,,NUID-SB-000132
,,NUID-SB-000133
,,NUID-SB-000134
,,NUID-SB-000135
,,NUID-SB-000136
,,NUID-SB-000137
,,NUID-SB-000138
,,NUID-SB-000139
,,NUID-SB-000140
,,NUID-SB-000141
,,NUID-SB-000142
,,NUID-SB-000143
,,NUID-SB-000144
,,NUID-SB-000145
,,NUID-SB-000146
,,NUID-SB-000147
,,NUID-SB-000148
,,NUID-SB-000149
,,NUID-SB-000150
,,NUID-SB-000151
,,NUID-SB-000152
,,NUID-SB-000153
,,NUID-SB-000154
,,NUID-SB-000155
,,NUID-SB-000156
,,NUID-SB-000157
,,NUID-SB-000158
,,NUID-SB-000159
,,NUID-SB-000160
,,NUID-SB-000161
,,NUID-SB-000162
,,NUID-SB-000163
,,NUID-SB-000164
,,NUID-SB-000165
,,NUID-SB-000166
,,NUID-SB-000167
,,NUID-SB-000168
,,NUID-SB-000169
,,NUID-SB-000170
,,NUID-SB-000171
,,NUID-SB-000172
,,NUID-SB-000173
,,NUID-SB-000174
,,NUID-SB-000175
,,NUID-SB-000176
,,NUID-SB-000177
,,NUID-SB-000178
,,NUID-SB-000179
,,NUID-SB-000180
,,NUID-SB-000181
,,NUID-SB-000182
,,NUID-SB-000183
,,NUID-SB-000184
,,NUID-SB-000185
,,NUID-SB-000186
,,NUID-SB-000187
,,NUID-SB-000188
,,NUID-SB-000189
,,NUID-SB-000190
,,NUID-SB-000191
,,NUID-SB-000192
,,NUID-SB-000193
,,NUID-SB-000194
,,NUID-SB-000195
,,NUID-SB-000196
,,NUID-SB-000197
,,NUID-SB-000198
,,NUID-SB-000199
,,NUID-SB-000200
,,NUID-SB-000201
,,NUID-SB-000202
,,NUID-SB-000203
,,NUID-SB-000204
,,NUID-SB-000205
,,NUID-SB-000206
,,NUID-SB-000207
,,NUID-SB-000208
,,NUID-SB-000209
,,NUID-SB-000210
,,NUID-SB-000211
,,NUID-SB-000212
,,NUID-SB-000213
,,NUID-SB-000214
,,NUID-SB-000215
,,NUID-SB-000216
,,NUID-SB-000217
,,NUID-SB-000218
,,NUID-SB-000219
,,NUID-SB-000220
,,NUID-SB-000221
,,NUID-SB-000222
,,NUID-SB-000223
,,NUID-SB-000224
,,NUID-SB-000225
,,NUID-SB-000226
,,NUID-SB-000227
,,NUID-SB-000228
,,NUID-SB-000229
,,NUID-SB-000230
,,NUID-SB-000231
,,NUID-SB-000232
,,NUID-SB-000233
,,NUID-SB-000234
,,NUID-SB-000235
,,NUID-SB-000236
,,NUID-SB-000237
,,NUID-SB-000238
,,NUID-SB-000239
,,NUID-SB-000240
,,NUID-SB-000241
,,NUID-SB-000242
,,NUID-SB-000243
,,NUID-SB-000244
,,NUID-SB-000245
,,NUID-SB-000246
,,NUID-SB-000247
,,NUID-SB-000248
,,NUID-SB-000249
,,NUID-SB-000250
,,NUID-SB-000251
,,NUID-SB-000252
,,NUID-SB-000253
,,NUID-SB-000254
,,NUID-SB-000255
,,NUID-SB-000256
,,NUID-SB-000257
,,NUID-SB-000258
,,NUID-SB-000259
,,NUID-SB-000260
,,NUID-SB-000261
,,NUID-SB-000262
,,NUID-SB-000263
,,NUID-SB-000264
,,NUID-SB-000265
,,NUID-SB-000266
,,NUID-SB-000267
,,NUID-SB-000268
,,NUID-SB-000269
,,NUID-SB-000270
,,NUID-SB-000271
,,NUID-SB-000272
,,NUID-SB-000273
,,NUID-SB-000274
,,NUID-SB-000275
,,NUID-SB-000276
,,NUID-SB-000277
,,NUID-SB-000278
,,NUID-SB-000279
,,NUID-SB-000280
,,NUID-SB-000281
,,NUID-SB-000282
,,NUID-SB-000283
,,NUID-SB-000284
,,NUID-SB-000285
,,NUID-SB-000286
,,NUID-SB-000287
,,NUID-SB-000288
,,NUID-SB-000289
,,NUID-SB-000290
,,NUID-SB-000291
,,NUID-SB-000292
,,NUID-SB-000293
,,NUID-SB-000294
,,NUID-SB-000295
,,NUID-SB-000296
,,NUID-SB-000297
,,NUID-SB-000298
,,NUID-SB-000299
,,NUID-SB-000300
,,NUID-SB-000301
,,NUID-SB-000302
,,NUID-SB-000303
,,NUID-SB-000304
,,NUID-SB-000305
,,NUID-SB-000306
,,NUID-SB-000307
,,NUID-SB-000308
,,NUID-SB-000309
,,NUID-SB-000310
,,NUID-SB-000311
,,NUID-SB-000312
,,NUID-SB-000313
,,NUID-SB-000314
,,NUID-SB-000315
,,NUID-SB-000316
,,NUID-SB-000317
,,NUID-SB-000318
,,NUID-SB-000319
,,NUID-SB-000320
,,NUID-SB-000321
,,NUID-SB-000322
,,NUID-SB-000323
,,NUID-SB-000324
,,NUID-SB-000325
,,NUID-SB-000326
,,NUID-SB-000327
,,NUID-SB-000328
,,NUID-SB-000329
,,NUID-SB-000330
,,NUID-SB-000331
,,NUID-SB-000332
,,NUID-SB-000333
,,NUID-SB-000334
,,NUID-SB-000335
,,NUID-SB-000336
,,NUID-SB-000337
,,NUID-SB-000338
,,NUID-SB-000339
,,NUID-SB-000340
,,NUID-SB-000341
,,NUID-SB-000342
,,NUID-SB-000343
,,NUID-SB-000344
,,NUID-SB-000345
,,NUID-SB-000346
,,NUID-SB-000347
,,NUID-SB-000348
,,NUID-SB-000349
,,NUID-SB-000350
,,NUID-SB-000351
,,NUID-SB-000352
,,NUID-SB-000353
,,NUID-SB-000354
,,NUID-SB-000355
,,NUID-SB-000356
,,NUID-SB-000357
,,NUID-SB-000358
,,NUID-SB-000359
,,NUID-SB-000360
,,NUID-SB-000361
,,NUID-SB-000362
,,NUID-SB-000363
,,NUID-SB-000364
,,NUID-SB-000365
,,NUID-SB-000366
,,NUID-SB-000367
,,NUID-SB-000368
,,NUID-SB-000369
,,NUID-SB-000370
,,NUID-SB-000371
,,NUID-SB-000372
,,NUID-SB-000373
,,NUID-SB-000374
,,NUID-SB-000375
,,NUID-SB-000376
,,NUID-SB-000377
,,NUID-SB-000378
,,NUID-SB-000379
,,NUID-SB-000380
,,NUID-SB-000381
,,NUID-SB-000382
,,NUID-SB-000383
,,NUID-SB-000384
,,NUID-SB-000385
,,NUID-SB-000386
,,NUID-SB-000387
,,NUID-SB-000388
,,NUID-SB-000389
,,NUID-SB-000390
,,NUID-SB-000391
,,NUID-SB-000392
,,NUID-SB-000393
,,NUID-SB-000394
,,NUID-SB-000395
,,NUID-SB-000396
,,NUID-SB-000397
,,NUID-SB-000398
,,NUID-SB-000399
,,NUID-SB-000400
,,NUID-SB-000401
,,NUID-SB-000402
,,NUID-SB-000403
,,NUID-SB-000404
,,NUID-SB-000405
,,NUID-SB-000406
,,NUID-SB-000407
,,NUID-SB-000408
,,NUID-SB-000409
,,NUID-SB-000410
,,NUID-SB-000411
,,NUID-SB-000412
,,NUID-SB-000413
,,NUID-SB-000414
,,NUID-SB-000415
,,NUID-SB-000416
,,NUID-SB-000417
,,NUID-SB-000418
,,NUID-SB-000419
,,NUID-SB-000420
,,NUID-SB-000421
,,NUID-SB-000422
,,NUID-SB-000423
,,NUID-SB-000424
,,NUID-SB-000425
,,NUID-SB-000426
,,NUID-SB-000427
,,NUID-SB-000428
,,NUID-SB-000429
,,NUID-SB-000430
,,NUID-SB-000431
,,NUID-SB-000432
,,NUID-SB-000433
,,NUID-SB-000434
,,NUID-SB-000435
,,NUID-SB-000436
,,NUID-SB-000437
,,NUID-SB-000438
,,NUID-SB-000439
,,NUID-SB-000440
,,NUID-SB-000441
,,NUID-SB-000442
,,NUID-SB-000443
,,NUID-SB-000444
,,NUID-SB-000445
,,NUID-SB-000446
,,NUID-SB-000447
,,NUID-SB-000448
,,NUID-SB-000449
,,NUID-SB-000450
,,NUID-SB-000451
,,NUID-SB-000452
,,NUID-SB-000453
,,NUID-SB-000454
,,NUID-SB-000455
,,NUID-SB-000456
,,NUID-SB-000457
,,NUID-SB-000458
,,NUID-SB-000459
,,NUID-SB-000460
,,NUID-SB-000461
,,NUID-SB-000462
,,NUID-SB-000463
,,NUID-SB-000464
,,NUID-SB-000465
,,NUID-SB-000466
,,NUID-SB-000467
,,NUID-SB-000468
,,NUID-SB-000469
,,NUID-SB-000470
,,NUID-SB-000471
,,NUID-SB-000472
,,NUID-SB-000473
,,NUID-SB-000474
,,NUID-SB-000475
,,NUID-SB-000476
,,NUID-SB-000477
,,NUID-SB-000478
,,NUID-SB-000479
,,NUID-SB-000480
,,NUID-SB-000481
,,NUID-SB-000482
,,NUID-SB-000483
,,NUID-SB-000484
,,NUID-SB-000485
,,NUID-SB-000486
,,NUID-SB-000487
,,NUID-SB-000488
,,NUID-SB-000489
,,NUID-SB-000490
,,NUID-SB-000491
,,NUID-SB-000492
,,NUID-SB-000493
,,NUID-SB-000494
,,NUID-SB-000495
,,NUID-SB-000496
,,NUID-SB-000497
,,NUID-SB-000498
,,NUID-SB-000499
,,NUID-SB-000500
,,NUID-SB-000501
,,NUID-SB-000502
,,NUID-SB-000503
,,NUID-SB-000504
,,NUID-SB-000505
,,NUID-SB-000506
,,NUID-SB-000507
,,NUID-SB-000508
,,NUID-SB-000509
,,NUID-SB-000510
,,NUID-SB-000511
,,NUID-SB-000512
,,NUID-SB-000513
,,NUID-SB-000514
,,NUID-SB-000515
,,NUID-SB-000516
,,NUID-SB-000517
,,NUID-SB-000518
,,NUID-SB-000519
,,NUID-SB-000520
,,NUID-SB-000521
,,NUID-SB-000522
,,NUID-SB-000523
,,NUID-SB-000524
,,NUID-SB-000525
,,NUID-SB-000526
,,NUID-SB-000527
,,NUID-SB-000528
,,NUID-SB-000529
,,NUID-SB-000530
,,NUID-SB-000531
,,NUID-SB-000532
,,NUID-SB-000533
,,NUID-SB-000534
,,NUID-SB-000535
,,NUID-SB-000536
,,NUID-SB-000537
,,NUID-SB-000538
,,NUID-SB-000539
,,NUID-SB-000540
,,NUID-SB-000541
,,NUID-SB-000542
,,NUID-SB-000543
,,NUID-SB-000544
,,NUID-SB-000545
,,NUID-SB-000546
,,NUID-SB-000547
,,NUID-SB-000548
,,NUID-SB-000549
,,NUID-SB-000550
,,NUID-SB-000551
,,NUID-SB-000552
,,NUID-SB-000553
,,NUID-SB-000554
,,NUID-SB-000555
,,NUID-SB-000556
,,NUID-SB-000557
,,NUID-SB-000558
,,NUID-SB-000559
,,NUID-SB-000560
,,NUID-SB-000561
,,NUID-SB-000562
,,NUID-SB-000563
,,NUID-SB-000564
,,NUID-SB-000565
,,NUID-SB-000566
,,NUID-SB-000567
,,NUID-SB-000568
,,NUID-SB-000569
,,NUID-SB-000570
,,NUID-SB-000571
,,NUID-SB-000572
,,NUID-SB-000573
,,NUID-SB-000574
,,NUID-SB-000575
,,NUID-SB-000576
,,NUID-SB-000577
,,NUID-SB-000578
,,NUID-SB-000579
,,NUID-SB-000580
,,NUID-SB-000581
,,NUID-SB-000582
,,NUID-SB-000583
,,NUID-SB-000584
,,NUID-SB-000585
,,NUID-SB-000586
,,NUID-SB-000587
,,NUID-SB-000588
,,NUID-SB-000589
,,NUID-SB-000590
,,NUID-SB-000591
,,NUID-SB-000592
,,NUID-SB-000593
,,NUID-SB-000594
,,NUID-SB-000595
,,NUID-SB-000596
,,NUID-SB-000597
,,NUID-SB-000598
,,NUID-SB-000599
,,NUID-SB-000600
,,NUID-SB-000601
,,NUID-SB-000602
,,NUID-SB-000603
,,NUID-SB-000604
,,NUID-SB-000605
,,NUID-SB-000606
,,NUID-SB-000607
,,NUID-SB-000608
,,NUID-SB-000609
,,NUID-SB-000610
,,NUID-SB-000611
,,NUID-SB-000612
,,NUID-SB-000613
,,NUID-SB-000614
,,NUID-SB-000615
,,NUID-SB-000616
,,NUID-SB-000617
,,NUID-SB-000618
,,NUID-SB-000619
,,NUID-SB-000620
,,NUID-SB-000621
,,NUID-SB-000622
,,NUID-SB-000623
,,NUID-SB-000624
,,NUID-SB-000625
,,NUID-SB-000626
,,NUID-SB-000627
,,NUID-SB-000628
,,NUID-SB-000629
,,NUID-SB-000630
,,NUID-SB-000631
,,NUID-SB-000632
,,NUID-SB-000633
,,NUID-SB-000634
,,NUID-SB-000635
,,NUID-SB-000636
,,NUID-SB-000637
,,NUID-SB-000638
,,NUID-SB-000639
,,NUID-SB-000640
,,NUID-SB-000641
,,NUID-SB-000642
,,NUID-SB-000643
,,NUID-SB-000644
,,NUID-SB-000645
,,NUID-SB-000646
,,NUID-SB-000647
,,NUID-SB-000648
,,NUID-SB-000649
,,NUID-SB-000650
,,NUID-SB-000651
,,NUID-SB-000652
,,NUID-SB-000653
,,NUID-SB-000654
,,NUID-SB-000655
,,NUID-SB-000656
,,NUID-SB-000657
,,NUID-SB-000658
,,NUID-SB-000659
,,NUID-SB-000660
,,NUID-SB-000661
,,NUID-SB-000662
,,NUID-SB-000663
,,NUID-SB-000664
,,NUID-SB-000665
,,NUID-SB-000666
,,NUID-SB-000667
,,NUID-SB-000668
,,NUID-SB-000669
,,NUID-SB-000670
,,NUID-SB-000671
,,NUID-SB-000672
,,NUID-SB-000673
,,NUID-SB-000674
,,NUID-SB-000675
,,NUID-SB-000676
,,NUID-SB-000677
,,NUID-SB-000678
,,NUID-SB-000679
,,NUID-SB-000680
,,NUID-SB-000681
,,NUID-SB-000682
,,NUID-SB-000683
,,NUID-SB-000684
,,NUID-SB-000685
,,NUID-SB-000686
,,NUID-SB-000687
,,NUID-SB-000688
,,NUID-SB-000689
,,NUID-SB-000690
,,NUID-SB-000691
,,NUID-SB-000692
,,NUID-SB-000693
,,NUID-SB-000694
,,NUID-SB-000695
,,NUID-SB-000696
,,NUID-SB-000697
,,NUID-SB-000698
,,NUID-SB-000699
,,NUID-SB-000700
,,NUID-SB-000701
,,NUID-SB-000702
,,NUID-SB-000703
,,NUID-SB-000704
,,NUID-SB-000705
,,NUID-SB-000706
,,NUID-SB-000707
,,NUID-SB-000708
,,NUID-SB-000709
,,NUID-SB-000710
,,NUID-SB-000711
,,NUID-SB-000712
,,NUID-SB-000713
,,NUID-SB-000714
,,NUID-SB-000715
,,NUID-SB-000716
,,NUID-SB-000717
,,NUID-SB-000718
,,NUID-SB-000719
,,NUID-SB-000720
,,NUID-SB-000721
,,NUID-SB-000722
,,NUID-SB-000723
,,NUID-SB-000724
,,NUID-SB-000725
,,NUID-SB-000726
,,NUID-SB-000727
,,NUID-SB-000728
,,NUID-SB-000729
,,NUID-SB-000730
,,NUID-SB-000731
,,NUID-SB-000732
,,NUID-SB-000733
,,NUID-SB-000734
,,NUID-SB-000735
,,NUID-SB-000736
,,NUID-SB-000737
,,NUID-SB-000738
,,NUID-SB-000739
,,NUID-SB-000740
,,NUID-SB-000741
,,NUID-SB-000742
,,NUID-SB-000743
,,NUID-SB-000744
,,NUID-SB-000745
,,NUID-SB-000746
,,NUID-SB-000747
,,NUID-SB-000748
,,NUID-SB-000749
,,NUID-SB-000750
,,NUID-SB-000751
,,NUID-SB-000752
,,NUID-SB-000753
,,NUID-SB-000754
,,NUID-SB-000755
,,NUID-SB-000756
,,NUID-SB-000757
,,NUID-SB-000758
,,NUID-SB-000759
,,NUID-SB-000760
,,NUID-SB-000761
,,NUID-SB-000762
,,NUID-SB-000763
,,NUID-SB-000764
,,NUID-SB-000765
,,NUID-SB-000766
,,NUID-SB-000767
,,NUID-SB-000768
,,NUID-SB-000769
,,NUID-SB-000770
,,NUID-SB-000771
,,NUID-SB-000772
,,NUID-SB-000773
,,NUID-SB-000774
,,NUID-SB-000775
,,NUID-SB-000776
,,NUID-SB-000777
,,NUID-SB-000778
,,NUID-SB-000779
,,NUID-SB-000780
,,NUID-SB-000781
,,NUID-SB-000782
,,NUID-SB-000783
,,NUID-SB-000784
,,NUID-SB-000785
,,NUID-SB-000786
,,NUID-SB-000787
,,NUID-SB-000788
,,NUID-SB-000789
,,NUID-SB-000790
,,NUID-SB-000791
,,NUID-SB-000792
,,NUID-SB-000793
,,NUID-SB-000794
,,NUID-SB-000795
,,NUID-SB-000796
,,NUID-SB-000797
,,NUID-SB-000798
,,NUID-SB-000799
,,NUID-SB-000800
,,NUID-SB-000801
,,NUID-SB-000802
,,NUID-SB-000803
,,NUID-SB-000804
,,NUID-SB-000805
,,NUID-SB-000806
,,NUID-SB-000807
,,NUID-SB-000808
,,NUID-SB-000809
,,NUID-SB-000810
,,NUID-SB-000811
,,NUID-SB-000812
,,NUID-SB-000813
,,NUID-SB-000814
,,NUID-SB-000815
,,NUID-SB-000816
,,NUID-SB-000817
,,NUID-SB-000818
,,NUID-SB-000819
,,NUID-SB-000820
,,NUID-SB-000821
,,NUID-SB-000822
,,NUID-SB-000823
,,NUID-SB-000824
,,NUID-SB-000825
,,NUID-SB-000826
,,NUID-SB-000827
,,NUID-SB-000828
,,NUID-SB-000829
,,NUID-SB-000830
,,NUID-SB-000831
,,NUID-SB-000832
,,NUID-SB-000833
,,NUID-SB-000834
,,NUID-SB-000835
,,NUID-SB-000836
,,NUID-SB-000837
,,NUID-SB-000838
,,NUID-SB-000839
,,NUID-SB-000840
,,NUID-SB-000841
,,NUID-SB-000842
,,NUID-SB-000843
,,NUID-SB-000844
,,NUID-SB-000845
,,NUID-SB-000846
,,NUID-SB-000847
,,NUID-SB-000848
,,NUID-SB-000849
,,NUID-SB-000850
,,NUID-SB-000851
,,NUID-SB-000852
,,NUID-SB-000853
,,NUID-SB-000854
,,NUID-SB-000855
,,NUID-SB-000856
,,NUID-SB-000857
,,NUID-SB-000858
,,NUID-SB-000859
,,NUID-SB-000860
,,NUID-SB-000861
,,NUID-SB-000862
,,NUID-SB-000863
,,NUID-SB-000864
,,NUID-SB-000865
,,NUID-SB-000866
,,NUID-SB-000867
,,NUID-SB-000868
,,NUID-SB-000869
,,NUID-SB-000870
,,NUID-SB-000871
,,NUID-SB-000872
,,NUID-SB-000873
,,NUID-SB-000874
,,NUID-SB-000875
,,NUID-SB-000876
,,NUID-SB-000877
,,NUID-SB-000878
,,NUID-SB-000879
,,NUID-SB-000880
,,NUID-SB-000881
,,NUID-SB-000882
,,NUID-SB-000883
,,NUID-SB-000884
,,NUID-SB-000885
,,NUID-SB-000886
,,NUID-SB-000887
,,NUID-SB-000888
,,NUID-SB-000889
,,NUID-SB-000890
,,NUID-SB-000891
,,NUID-SB-000892
,,NUID-SB-000893
,,NUID-SB-000894
,,NUID-SB-000895
,,NUID-SB-000896
,,NUID-SB-000897
,,NUID-SB-000898
,,NUID-SB-000899
,,NUID-SB-000900
,,NUID-SB-000901
,,NUID-SB-000902
,,NUID-SB-000903
,,NUID-SB-000904
,,NUID-SB-000905
,,NUID-SB-000906
,,NUID-SB-000907
,,NUID-SB-000908
,,NUID-SB-000909
,,NUID-SB-000910
,,NUID-SB-000911
,,NUID-SB-000912
,,NUID-SB-000913
,,NUID-SB-000914
,,NUID-SB-000915
,,NUID-SB-000916
,,NUID-SB-000917
,,NUID-SB-000918
,,NUID-SB-000919
,,NUID-SB-000920
,,NUID-SB-000921
,,NUID-SB-000922
,,NUID-SB-000923
,,NUID-SB-000924
,,NUID-SB-000925
,,NUID-SB-000926
,,NUID-SB-000927
,,NUID-SB-000928
,,NUID-SB-000929
,,NUID-SB-000930
,,NUID-SB-000931
,,NUID-SB-000932
,,NUID-SB-000933
,,NUID-SB-000934
,,NUID-SB-000935
,,NUID-SB-000936
,,NUID-SB-000937
,,NUID-SB-000938
,,NUID-SB-000939
,,NUID-SB-000940
,,NUID-SB-000941
,,NUID-SB-000942
,,NUID-SB-000943
,,NUID-SB-000944
,,NUID-SB-000945
,,NUID-SB-000946
,,NUID-SB-000947
,,NUID-SB-000948
,,NUID-SB-000949
,,NUID-SB-000950
,,NUID-SB-000951
,,NUID-SB-000952
,,NUID-SB-000953
,,NUID-SB-000954
,,NUID-SB-000955
,,NUID-SB-000956
,,NUID-SB-000957
,,NUID-SB-000958
,,NUID-SB-000959
,,NUID-SB-000960
,,NUID-SB-000961
,,NUID-SB-000962
,,NUID-SB-000963
,,NUID-SB-000964
,,NUID-SB-000965
,,NUID-SB-000966
,,NUID-SB-000967
,,NUID-SB-000968
,,NUID-SB-000969
,,NUID-SB-000970
,,NUID-SB-000971
,,NUID-SB-000972
,,NUID-SB-000973
,,NUID-SB-000974
,,NUID-SB-000975
,,NUID-SB-000976
,,NUID-SB-000977
,,NUID-SB-000978
,,NUID-SB-000979
,,NUID-SB-000980
,,NUID-SB-000981
,,NUID-SB-000982
,,NUID-SB-000983
,,NUID-SB-000984
,,NUID-SB-000985
,,NUID-SB-000986
,,NUID-SB-000987
,,NUID-SB-000988
,,NUID-SB-000989
,,NUID-SB-000990
,,NUID-SB-000991
,,NUID-SB-000992
,,NUID-SB-000993
,,NUID-SB-000994
,,NUID-SB-000995
,,NUID-SB-000996
,,NUID-SB-000997
,,NUID-SB-000998
,,NUID-SB-000999
,,NUID-SB-001000
