role,email,password,name,digital_id,broadband_id,phone,department,location,sub_distributor_email,cluster_email
sub_distributor,sd1@test.com,Sd@Pass001,Sub Distributor One,SD001,BB001,9110000001,Distribution,Zone A,,
sub_distributor,sd2@test.com,Sd@Pass002,Sub Distributor Two,SD002,BB002,9110000002,Distribution,Zone B,,
sub_distributor,sd3@test.com,Sd@Pass003,Sub Distributor Three,SD003,BB003,9110000003,Distribution,Zone C,,
sub_distributor,sd4@test.com,Sd@Pass004,Sub Distributor Four,SD004,BB004,9110000004,Distribution,Zone D,,
sub_distributor,sd5@test.com,Sd@Pass005,Sub Distributor Five,SD005,BB005,9110000005,Distribution,Zone E,,
sub_distributor,sd6@test.com,Sd@Pass006,Sub Distributor Six,SD006,BB006,9110000006,Distribution,Zone F,,
sub_distributor,sd7@test.com,Sd@Pass007,Sub Distributor Seven,SD007,BB007,9110000007,Distribution,Zone G,,
sub_distributor,sd8@test.com,Sd@Pass008,Sub Distributor Eight,SD008,BB008,9110000008,Distribution,Zone H,,
sub_distributor,sd9@test.com,Sd@Pass009,Sub Distributor Nine,SD009,BB009,9110000009,Distribution,Zone I,,
sub_distributor,sd10@test.com,Sd@Pass010,Sub Distributor Ten,SD010,BB010,9110000010,Distribution,Zone J,,
cluster,cl1_sd1@test.com,Cl@Pass001,Cluster One-SD1,,,,,,sd1@test.com,
cluster,cl2_sd1@test.com,Cl@Pass002,Cluster Two-SD1,,,,,,sd1@test.com,
cluster,cl3_sd1@test.com,Cl@Pass003,Cluster Three-SD1,,,,,,sd1@test.com,
cluster,cl4_sd1@test.com,Cl@Pass004,Cluster Four-SD1,,,,,,sd1@test.com,
cluster,cl5_sd1@test.com,Cl@Pass005,Cluster Five-SD1,,,,,,sd1@test.com,
cluster,cl1_sd2@test.com,Cl@Pass006,Cluster One-SD2,,,,,,sd2@test.com,
cluster,cl2_sd2@test.com,Cl@Pass007,Cluster Two-SD2,,,,,,sd2@test.com,
cluster,cl3_sd2@test.com,Cl@Pass008,Cluster Three-SD2,,,,,,sd2@test.com,
cluster,cl4_sd2@test.com,Cl@Pass009,Cluster Four-SD2,,,,,,sd2@test.com,
cluster,cl5_sd2@test.com,Cl@Pass010,Cluster Five-SD2,,,,,,sd2@test.com,
cluster,cl1_sd3@test.com,Cl@Pass011,Cluster One-SD3,,,,,,sd3@test.com,
cluster,cl2_sd3@test.com,Cl@Pass012,Cluster Two-SD3,,,,,,sd3@test.com,
cluster,cl3_sd3@test.com,Cl@Pass013,Cluster Three-SD3,,,,,,sd3@test.com,
cluster,cl4_sd3@test.com,Cl@Pass014,Cluster Four-SD3,,,,,,sd3@test.com,
cluster,cl5_sd3@test.com,Cl@Pass015,Cluster Five-SD3,,,,,,sd3@test.com,
cluster,cl1_sd4@test.com,Cl@Pass016,Cluster One-SD4,,,,,,sd4@test.com,
cluster,cl2_sd4@test.com,Cl@Pass017,Cluster Two-SD4,,,,,,sd4@test.com,
cluster,cl3_sd4@test.com,Cl@Pass018,Cluster Three-SD4,,,,,,sd4@test.com,
cluster,cl4_sd4@test.com,Cl@Pass019,Cluster Four-SD4,,,,,,sd4@test.com,
cluster,cl5_sd4@test.com,Cl@Pass020,Cluster Five-SD4,,,,,,sd4@test.com,
cluster,cl1_sd5@test.com,Cl@Pass021,Cluster One-SD5,,,,,,sd5@test.com,
cluster,cl2_sd5@test.com,Cl@Pass022,Cluster Two-SD5,,,,,,sd5@test.com,
cluster,cl3_sd5@test.com,Cl@Pass023,Cluster Three-SD5,,,,,,sd5@test.com,
cluster,cl4_sd5@test.com,Cl@Pass024,Cluster Four-SD5,,,,,,sd5@test.com,
cluster,cl5_sd5@test.com,Cl@Pass025,Cluster Five-SD5,,,,,,sd5@test.com,
cluster,cl1_sd6@test.com,Cl@Pass026,Cluster One-SD6,,,,,,sd6@test.com,
cluster,cl2_sd6@test.com,Cl@Pass027,Cluster Two-SD6,,,,,,sd6@test.com,
cluster,cl3_sd6@test.com,Cl@Pass028,Cluster Three-SD6,,,,,,sd6@test.com,
cluster,cl4_sd6@test.com,Cl@Pass029,Cluster Four-SD6,,,,,,sd6@test.com,
cluster,cl5_sd6@test.com,Cl@Pass030,Cluster Five-SD6,,,,,,sd6@test.com,
cluster,cl1_sd7@test.com,Cl@Pass031,Cluster One-SD7,,,,,,sd7@test.com,
cluster,cl2_sd7@test.com,Cl@Pass032,Cluster Two-SD7,,,,,,sd7@test.com,
cluster,cl3_sd7@test.com,Cl@Pass033,Cluster Three-SD7,,,,,,sd7@test.com,
cluster,cl4_sd7@test.com,Cl@Pass034,Cluster Four-SD7,,,,,,sd7@test.com,
cluster,cl5_sd7@test.com,Cl@Pass035,Cluster Five-SD7,,,,,,sd7@test.com,
cluster,cl1_sd8@test.com,Cl@Pass036,Cluster One-SD8,,,,,,sd8@test.com,
cluster,cl2_sd8@test.com,Cl@Pass037,Cluster Two-SD8,,,,,,sd8@test.com,
cluster,cl3_sd8@test.com,Cl@Pass038,Cluster Three-SD8,,,,,,sd8@test.com,
cluster,cl4_sd8@test.com,Cl@Pass039,Cluster Four-SD8,,,,,,sd8@test.com,
cluster,cl5_sd8@test.com,Cl@Pass040,Cluster Five-SD8,,,,,,sd8@test.com,
cluster,cl1_sd9@test.com,Cl@Pass041,Cluster One-SD9,,,,,,sd9@test.com,
cluster,cl2_sd9@test.com,Cl@Pass042,Cluster Two-SD9,,,,,,sd9@test.com,
cluster,cl3_sd9@test.com,Cl@Pass043,Cluster Three-SD9,,,,,,sd9@test.com,
cluster,cl4_sd9@test.com,Cl@Pass044,Cluster Four-SD9,,,,,,sd9@test.com,
cluster,cl5_sd9@test.com,Cl@Pass045,Cluster Five-SD9,,,,,,sd9@test.com,
cluster,cl1_sd10@test.com,Cl@Pass046,Cluster One-SD10,,,,,,sd10@test.com,
cluster,cl2_sd10@test.com,Cl@Pass047,Cluster Two-SD10,,,,,,sd10@test.com,
cluster,cl3_sd10@test.com,Cl@Pass048,Cluster Three-SD10,,,,,,sd10@test.com,
cluster,cl4_sd10@test.com,Cl@Pass049,Cluster Four-SD10,,,,,,sd10@test.com,
cluster,cl5_sd10@test.com,Cl@Pass050,Cluster Five-SD10,,,,,,sd10@test.com,
operator,op1_cl1_sd1@test.com,Op@Pass001,Operator 1-Cl1-SD1,,,,,,sd1@test.com,cl1_sd1@test.com
operator,op2_cl1_sd1@test.com,Op@Pass002,Operator 2-Cl1-SD1,,,,,,sd1@test.com,cl1_sd1@test.com
operator,op3_cl1_sd1@test.com,Op@Pass003,Operator 3-Cl1-SD1,,,,,,sd1@test.com,cl1_sd1@test.com
operator,op4_cl1_sd1@test.com,Op@Pass004,Operator 4-Cl1-SD1,,,,,,sd1@test.com,cl1_sd1@test.com
operator,op5_cl1_sd1@test.com,Op@Pass005,Operator 5-Cl1-SD1,,,,,,sd1@test.com,cl1_sd1@test.com
operator,op6_cl1_sd1@test.com,Op@Pass006,Operator 6-Cl1-SD1,,,,,,sd1@test.com,cl1_sd1@test.com
operator,op7_cl1_sd1@test.com,Op@Pass007,Operator 7-Cl1-SD1,,,,,,sd1@test.com,cl1_sd1@test.com
operator,op8_cl1_sd1@test.com,Op@Pass008,Operator 8-Cl1-SD1,,,,,,sd1@test.com,cl1_sd1@test.com
operator,op9_cl1_sd1@test.com,Op@Pass009,Operator 9-Cl1-SD1,,,,,,sd1@test.com,cl1_sd1@test.com
operator,op10_cl1_sd1@test.com,Op@Pass010,Operator 10-Cl1-SD1,,,,,,sd1@test.com,cl1_sd1@test.com
operator,op1_cl2_sd1@test.com,Op@Pass011,Operator 1-Cl2-SD1,,,,,,sd1@test.com,cl2_sd1@test.com
operator,op2_cl2_sd1@test.com,Op@Pass012,Operator 2-Cl2-SD1,,,,,,sd1@test.com,cl2_sd1@test.com
operator,op3_cl2_sd1@test.com,Op@Pass013,Operator 3-Cl2-SD1,,,,,,sd1@test.com,cl2_sd1@test.com
operator,op4_cl2_sd1@test.com,Op@Pass014,Operator 4-Cl2-SD1,,,,,,sd1@test.com,cl2_sd1@test.com
operator,op5_cl2_sd1@test.com,Op@Pass015,Operator 5-Cl2-SD1,,,,,,sd1@test.com,cl2_sd1@test.com
operator,op6_cl2_sd1@test.com,Op@Pass016,Operator 6-Cl2-SD1,,,,,,sd1@test.com,cl2_sd1@test.com
operator,op7_cl2_sd1@test.com,Op@Pass017,Operator 7-Cl2-SD1,,,,,,sd1@test.com,cl2_sd1@test.com
operator,op8_cl2_sd1@test.com,Op@Pass018,Operator 8-Cl2-SD1,,,,,,sd1@test.com,cl2_sd1@test.com
operator,op9_cl2_sd1@test.com,Op@Pass019,Operator 9-Cl2-SD1,,,,,,sd1@test.com,cl2_sd1@test.com
operator,op10_cl2_sd1@test.com,Op@Pass020,Operator 10-Cl2-SD1,,,,,,sd1@test.com,cl2_sd1@test.com
operator,op1_cl3_sd1@test.com,Op@Pass021,Operator 1-Cl3-SD1,,,,,,sd1@test.com,cl3_sd1@test.com
operator,op2_cl3_sd1@test.com,Op@Pass022,Operator 2-Cl3-SD1,,,,,,sd1@test.com,cl3_sd1@test.com
operator,op3_cl3_sd1@test.com,Op@Pass023,Operator 3-Cl3-SD1,,,,,,sd1@test.com,cl3_sd1@test.com
operator,op4_cl3_sd1@test.com,Op@Pass024,Operator 4-Cl3-SD1,,,,,,sd1@test.com,cl3_sd1@test.com
operator,op5_cl3_sd1@test.com,Op@Pass025,Operator 5-Cl3-SD1,,,,,,sd1@test.com,cl3_sd1@test.com
operator,op6_cl3_sd1@test.com,Op@Pass026,Operator 6-Cl3-SD1,,,,,,sd1@test.com,cl3_sd1@test.com
operator,op7_cl3_sd1@test.com,Op@Pass027,Operator 7-Cl3-SD1,,,,,,sd1@test.com,cl3_sd1@test.com
operator,op8_cl3_sd1@test.com,Op@Pass028,Operator 8-Cl3-SD1,,,,,,sd1@test.com,cl3_sd1@test.com
operator,op9_cl3_sd1@test.com,Op@Pass029,Operator 9-Cl3-SD1,,,,,,sd1@test.com,cl3_sd1@test.com
operator,op10_cl3_sd1@test.com,Op@Pass030,Operator 10-Cl3-SD1,,,,,,sd1@test.com,cl3_sd1@test.com
operator,op1_cl4_sd1@test.com,Op@Pass031,Operator 1-Cl4-SD1,,,,,,sd1@test.com,cl4_sd1@test.com
operator,op2_cl4_sd1@test.com,Op@Pass032,Operator 2-Cl4-SD1,,,,,,sd1@test.com,cl4_sd1@test.com
operator,op3_cl4_sd1@test.com,Op@Pass033,Operator 3-Cl4-SD1,,,,,,sd1@test.com,cl4_sd1@test.com
operator,op4_cl4_sd1@test.com,Op@Pass034,Operator 4-Cl4-SD1,,,,,,sd1@test.com,cl4_sd1@test.com
operator,op5_cl4_sd1@test.com,Op@Pass035,Operator 5-Cl4-SD1,,,,,,sd1@test.com,cl4_sd1@test.com
operator,op6_cl4_sd1@test.com,Op@Pass036,Operator 6-Cl4-SD1,,,,,,sd1@test.com,cl4_sd1@test.com
operator,op7_cl4_sd1@test.com,Op@Pass037,Operator 7-Cl4-SD1,,,,,,sd1@test.com,cl4_sd1@test.com
operator,op8_cl4_sd1@test.com,Op@Pass038,Operator 8-Cl4-SD1,,,,,,sd1@test.com,cl4_sd1@test.com
operator,op9_cl4_sd1@test.com,Op@Pass039,Operator 9-Cl4-SD1,,,,,,sd1@test.com,cl4_sd1@test.com
operator,op10_cl4_sd1@test.com,Op@Pass040,Operator 10-Cl4-SD1,,,,,,sd1@test.com,cl4_sd1@test.com
operator,op1_cl5_sd1@test.com,Op@Pass041,Operator 1-Cl5-SD1,,,,,,sd1@test.com,cl5_sd1@test.com
operator,op2_cl5_sd1@test.com,Op@Pass042,Operator 2-Cl5-SD1,,,,,,sd1@test.com,cl5_sd1@test.com
operator,op3_cl5_sd1@test.com,Op@Pass043,Operator 3-Cl5-SD1,,,,,,sd1@test.com,cl5_sd1@test.com
operator,op4_cl5_sd1@test.com,Op@Pass044,Operator 4-Cl5-SD1,,,,,,sd1@test.com,cl5_sd1@test.com
operator,op5_cl5_sd1@test.com,Op@Pass045,Operator 5-Cl5-SD1,,,,,,sd1@test.com,cl5_sd1@test.com
operator,op6_cl5_sd1@test.com,Op@Pass046,Operator 6-Cl5-SD1,,,,,,sd1@test.com,cl5_sd1@test.com
operator,op7_cl5_sd1@test.com,Op@Pass047,Operator 7-Cl5-SD1,,,,,,sd1@test.com,cl5_sd1@test.com
operator,op8_cl5_sd1@test.com,Op@Pass048,Operator 8-Cl5-SD1,,,,,,sd1@test.com,cl5_sd1@test.com
operator,op9_cl5_sd1@test.com,Op@Pass049,Operator 9-Cl5-SD1,,,,,,sd1@test.com,cl5_sd1@test.com
operator,op10_cl5_sd1@test.com,Op@Pass050,Operator 10-Cl5-SD1,,,,,,sd1@test.com,cl5_sd1@test.com
operator,op1_cl1_sd2@test.com,Op@Pass051,Operator 1-Cl1-SD2,,,,,,sd2@test.com,cl1_sd2@test.com
operator,op2_cl1_sd2@test.com,Op@Pass052,Operator 2-Cl1-SD2,,,,,,sd2@test.com,cl1_sd2@test.com
operator,op3_cl1_sd2@test.com,Op@Pass053,Operator 3-Cl1-SD2,,,,,,sd2@test.com,cl1_sd2@test.com
operator,op4_cl1_sd2@test.com,Op@Pass054,Operator 4-Cl1-SD2,,,,,,sd2@test.com,cl1_sd2@test.com
operator,op5_cl1_sd2@test.com,Op@Pass055,Operator 5-Cl1-SD2,,,,,,sd2@test.com,cl1_sd2@test.com
operator,op6_cl1_sd2@test.com,Op@Pass056,Operator 6-Cl1-SD2,,,,,,sd2@test.com,cl1_sd2@test.com
operator,op7_cl1_sd2@test.com,Op@Pass057,Operator 7-Cl1-SD2,,,,,,sd2@test.com,cl1_sd2@test.com
operator,op8_cl1_sd2@test.com,Op@Pass058,Operator 8-Cl1-SD2,,,,,,sd2@test.com,cl1_sd2@test.com
operator,op9_cl1_sd2@test.com,Op@Pass059,Operator 9-Cl1-SD2,,,,,,sd2@test.com,cl1_sd2@test.com
operator,op10_cl1_sd2@test.com,Op@Pass060,Operator 10-Cl1-SD2,,,,,,sd2@test.com,cl1_sd2@test.com
operator,op1_cl2_sd2@test.com,Op@Pass061,Operator 1-Cl2-SD2,,,,,,sd2@test.com,cl2_sd2@test.com
operator,op2_cl2_sd2@test.com,Op@Pass062,Operator 2-Cl2-SD2,,,,,,sd2@test.com,cl2_sd2@test.com
operator,op3_cl2_sd2@test.com,Op@Pass063,Operator 3-Cl2-SD2,,,,,,sd2@test.com,cl2_sd2@test.com
operator,op4_cl2_sd2@test.com,Op@Pass064,Operator 4-Cl2-SD2,,,,,,sd2@test.com,cl2_sd2@test.com
operator,op5_cl2_sd2@test.com,Op@Pass065,Operator 5-Cl2-SD2,,,,,,sd2@test.com,cl2_sd2@test.com
operator,op6_cl2_sd2@test.com,Op@Pass066,Operator 6-Cl2-SD2,,,,,,sd2@test.com,cl2_sd2@test.com
operator,op7_cl2_sd2@test.com,Op@Pass067,Operator 7-Cl2-SD2,,,,,,sd2@test.com,cl2_sd2@test.com
operator,op8_cl2_sd2@test.com,Op@Pass068,Operator 8-Cl2-SD2,,,,,,sd2@test.com,cl2_sd2@test.com
operator,op9_cl2_sd2@test.com,Op@Pass069,Operator 9-Cl2-SD2,,,,,,sd2@test.com,cl2_sd2@test.com
operator,op10_cl2_sd2@test.com,Op@Pass070,Operator 10-Cl2-SD2,,,,,,sd2@test.com,cl2_sd2@test.com
operator,op1_cl3_sd2@test.com,Op@Pass071,Operator 1-Cl3-SD2,,,,,,sd2@test.com,cl3_sd2@test.com
operator,op2_cl3_sd2@test.com,Op@Pass072,Operator 2-Cl3-SD2,,,,,,sd2@test.com,cl3_sd2@test.com
operator,op3_cl3_sd2@test.com,Op@Pass073,Operator 3-Cl3-SD2,,,,,,sd2@test.com,cl3_sd2@test.com
operator,op4_cl3_sd2@test.com,Op@Pass074,Operator 4-Cl3-SD2,,,,,,sd2@test.com,cl3_sd2@test.com
operator,op5_cl3_sd2@test.com,Op@Pass075,Operator 5-Cl3-SD2,,,,,,sd2@test.com,cl3_sd2@test.com
operator,op6_cl3_sd2@test.com,Op@Pass076,Operator 6-Cl3-SD2,,,,,,sd2@test.com,cl3_sd2@test.com
operator,op7_cl3_sd2@test.com,Op@Pass077,Operator 7-Cl3-SD2,,,,,,sd2@test.com,cl3_sd2@test.com
operator,op8_cl3_sd2@test.com,Op@Pass078,Operator 8-Cl3-SD2,,,,,,sd2@test.com,cl3_sd2@test.com
operator,op9_cl3_sd2@test.com,Op@Pass079,Operator 9-Cl3-SD2,,,,,,sd2@test.com,cl3_sd2@test.com
operator,op10_cl3_sd2@test.com,Op@Pass080,Operator 10-Cl3-SD2,,,,,,sd2@test.com,cl3_sd2@test.com
operator,op1_cl4_sd2@test.com,Op@Pass081,Operator 1-Cl4-SD2,,,,,,sd2@test.com,cl4_sd2@test.com
operator,op2_cl4_sd2@test.com,Op@Pass082,Operator 2-Cl4-SD2,,,,,,sd2@test.com,cl4_sd2@test.com
operator,op3_cl4_sd2@test.com,Op@Pass083,Operator 3-Cl4-SD2,,,,,,sd2@test.com,cl4_sd2@test.com
operator,op4_cl4_sd2@test.com,Op@Pass084,Operator 4-Cl4-SD2,,,,,,sd2@test.com,cl4_sd2@test.com
operator,op5_cl4_sd2@test.com,Op@Pass085,Operator 5-Cl4-SD2,,,,,,sd2@test.com,cl4_sd2@test.com
operator,op6_cl4_sd2@test.com,Op@Pass086,Operator 6-Cl4-SD2,,,,,,sd2@test.com,cl4_sd2@test.com
operator,op7_cl4_sd2@test.com,Op@Pass087,Operator 7-Cl4-SD2,,,,,,sd2@test.com,cl4_sd2@test.com
operator,op8_cl4_sd2@test.com,Op@Pass088,Operator 8-Cl4-SD2,,,,,,sd2@test.com,cl4_sd2@test.com
operator,op9_cl4_sd2@test.com,Op@Pass089,Operator 9-Cl4-SD2,,,,,,sd2@test.com,cl4_sd2@test.com
operator,op10_cl4_sd2@test.com,Op@Pass090,Operator 10-Cl4-SD2,,,,,,sd2@test.com,cl4_sd2@test.com
operator,op1_cl5_sd2@test.com,Op@Pass091,Operator 1-Cl5-SD2,,,,,,sd2@test.com,cl5_sd2@test.com
operator,op2_cl5_sd2@test.com,Op@Pass092,Operator 2-Cl5-SD2,,,,,,sd2@test.com,cl5_sd2@test.com
operator,op3_cl5_sd2@test.com,Op@Pass093,Operator 3-Cl5-SD2,,,,,,sd2@test.com,cl5_sd2@test.com
operator,op4_cl5_sd2@test.com,Op@Pass094,Operator 4-Cl5-SD2,,,,,,sd2@test.com,cl5_sd2@test.com
operator,op5_cl5_sd2@test.com,Op@Pass095,Operator 5-Cl5-SD2,,,,,,sd2@test.com,cl5_sd2@test.com
operator,op6_cl5_sd2@test.com,Op@Pass096,Operator 6-Cl5-SD2,,,,,,sd2@test.com,cl5_sd2@test.com
operator,op7_cl5_sd2@test.com,Op@Pass097,Operator 7-Cl5-SD2,,,,,,sd2@test.com,cl5_sd2@test.com
operator,op8_cl5_sd2@test.com,Op@Pass098,Operator 8-Cl5-SD2,,,,,,sd2@test.com,cl5_sd2@test.com
operator,op9_cl5_sd2@test.com,Op@Pass099,Operator 9-Cl5-SD2,,,,,,sd2@test.com,cl5_sd2@test.com
operator,op10_cl5_sd2@test.com,Op@Pass100,Operator 10-Cl5-SD2,,,,,,sd2@test.com,cl5_sd2@test.com
operator,op1_cl1_sd3@test.com,Op@Pass101,Operator 1-Cl1-SD3,,,,,,sd3@test.com,cl1_sd3@test.com
operator,op2_cl1_sd3@test.com,Op@Pass102,Operator 2-Cl1-SD3,,,,,,sd3@test.com,cl1_sd3@test.com
operator,op3_cl1_sd3@test.com,Op@Pass103,Operator 3-Cl1-SD3,,,,,,sd3@test.com,cl1_sd3@test.com
operator,op4_cl1_sd3@test.com,Op@Pass104,Operator 4-Cl1-SD3,,,,,,sd3@test.com,cl1_sd3@test.com
operator,op5_cl1_sd3@test.com,Op@Pass105,Operator 5-Cl1-SD3,,,,,,sd3@test.com,cl1_sd3@test.com
operator,op6_cl1_sd3@test.com,Op@Pass106,Operator 6-Cl1-SD3,,,,,,sd3@test.com,cl1_sd3@test.com
operator,op7_cl1_sd3@test.com,Op@Pass107,Operator 7-Cl1-SD3,,,,,,sd3@test.com,cl1_sd3@test.com
operator,op8_cl1_sd3@test.com,Op@Pass108,Operator 8-Cl1-SD3,,,,,,sd3@test.com,cl1_sd3@test.com
operator,op9_cl1_sd3@test.com,Op@Pass109,Operator 9-Cl1-SD3,,,,,,sd3@test.com,cl1_sd3@test.com
operator,op10_cl1_sd3@test.com,Op@Pass110,Operator 10-Cl1-SD3,,,,,,sd3@test.com,cl1_sd3@test.com
operator,op1_cl2_sd3@test.com,Op@Pass111,Operator 1-Cl2-SD3,,,,,,sd3@test.com,cl2_sd3@test.com
operator,op2_cl2_sd3@test.com,Op@Pass112,Operator 2-Cl2-SD3,,,,,,sd3@test.com,cl2_sd3@test.com
operator,op3_cl2_sd3@test.com,Op@Pass113,Operator 3-Cl2-SD3,,,,,,sd3@test.com,cl2_sd3@test.com
operator,op4_cl2_sd3@test.com,Op@Pass114,Operator 4-Cl2-SD3,,,,,,sd3@test.com,cl2_sd3@test.com
operator,op5_cl2_sd3@test.com,Op@Pass115,Operator 5-Cl2-SD3,,,,,,sd3@test.com,cl2_sd3@test.com
operator,op6_cl2_sd3@test.com,Op@Pass116,Operator 6-Cl2-SD3,,,,,,sd3@test.com,cl2_sd3@test.com
operator,op7_cl2_sd3@test.com,Op@Pass117,Operator 7-Cl2-SD3,,,,,,sd3@test.com,cl2_sd3@test.com
operator,op8_cl2_sd3@test.com,Op@Pass118,Operator 8-Cl2-SD3,,,,,,sd3@test.com,cl2_sd3@test.com
operator,op9_cl2_sd3@test.com,Op@Pass119,Operator 9-Cl2-SD3,,,,,,sd3@test.com,cl2_sd3@test.com
operator,op10_cl2_sd3@test.com,Op@Pass120,Operator 10-Cl2-SD3,,,,,,sd3@test.com,cl2_sd3@test.com
operator,op1_cl3_sd3@test.com,Op@Pass121,Operator 1-Cl3-SD3,,,,,,sd3@test.com,cl3_sd3@test.com
operator,op2_cl3_sd3@test.com,Op@Pass122,Operator 2-Cl3-SD3,,,,,,sd3@test.com,cl3_sd3@test.com
operator,op3_cl3_sd3@test.com,Op@Pass123,Operator 3-Cl3-SD3,,,,,,sd3@test.com,cl3_sd3@test.com
operator,op4_cl3_sd3@test.com,Op@Pass124,Operator 4-Cl3-SD3,,,,,,sd3@test.com,cl3_sd3@test.com
operator,op5_cl3_sd3@test.com,Op@Pass125,Operator 5-Cl3-SD3,,,,,,sd3@test.com,cl3_sd3@test.com
operator,op6_cl3_sd3@test.com,Op@Pass126,Operator 6-Cl3-SD3,,,,,,sd3@test.com,cl3_sd3@test.com
operator,op7_cl3_sd3@test.com,Op@Pass127,Operator 7-Cl3-SD3,,,,,,sd3@test.com,cl3_sd3@test.com
operator,op8_cl3_sd3@test.com,Op@Pass128,Operator 8-Cl3-SD3,,,,,,sd3@test.com,cl3_sd3@test.com
operator,op9_cl3_sd3@test.com,Op@Pass129,Operator 9-Cl3-SD3,,,,,,sd3@test.com,cl3_sd3@test.com
operator,op10_cl3_sd3@test.com,Op@Pass130,Operator 10-Cl3-SD3,,,,,,sd3@test.com,cl3_sd3@test.com
operator,op1_cl4_sd3@test.com,Op@Pass131,Operator 1-Cl4-SD3,,,,,,sd3@test.com,cl4_sd3@test.com
operator,op2_cl4_sd3@test.com,Op@Pass132,Operator 2-Cl4-SD3,,,,,,sd3@test.com,cl4_sd3@test.com
operator,op3_cl4_sd3@test.com,Op@Pass133,Operator 3-Cl4-SD3,,,,,,sd3@test.com,cl4_sd3@test.com
operator,op4_cl4_sd3@test.com,Op@Pass134,Operator 4-Cl4-SD3,,,,,,sd3@test.com,cl4_sd3@test.com
operator,op5_cl4_sd3@test.com,Op@Pass135,Operator 5-Cl4-SD3,,,,,,sd3@test.com,cl4_sd3@test.com
operator,op6_cl4_sd3@test.com,Op@Pass136,Operator 6-Cl4-SD3,,,,,,sd3@test.com,cl4_sd3@test.com
operator,op7_cl4_sd3@test.com,Op@Pass137,Operator 7-Cl4-SD3,,,,,,sd3@test.com,cl4_sd3@test.com
operator,op8_cl4_sd3@test.com,Op@Pass138,Operator 8-Cl4-SD3,,,,,,sd3@test.com,cl4_sd3@test.com
operator,op9_cl4_sd3@test.com,Op@Pass139,Operator 9-Cl4-SD3,,,,,,sd3@test.com,cl4_sd3@test.com
operator,op10_cl4_sd3@test.com,Op@Pass140,Operator 10-Cl4-SD3,,,,,,sd3@test.com,cl4_sd3@test.com
operator,op1_cl5_sd3@test.com,Op@Pass141,Operator 1-Cl5-SD3,,,,,,sd3@test.com,cl5_sd3@test.com
operator,op2_cl5_sd3@test.com,Op@Pass142,Operator 2-Cl5-SD3,,,,,,sd3@test.com,cl5_sd3@test.com
operator,op3_cl5_sd3@test.com,Op@Pass143,Operator 3-Cl5-SD3,,,,,,sd3@test.com,cl5_sd3@test.com
operator,op4_cl5_sd3@test.com,Op@Pass144,Operator 4-Cl5-SD3,,,,,,sd3@test.com,cl5_sd3@test.com
operator,op5_cl5_sd3@test.com,Op@Pass145,Operator 5-Cl5-SD3,,,,,,sd3@test.com,cl5_sd3@test.com
operator,op6_cl5_sd3@test.com,Op@Pass146,Operator 6-Cl5-SD3,,,,,,sd3@test.com,cl5_sd3@test.com
operator,op7_cl5_sd3@test.com,Op@Pass147,Operator 7-Cl5-SD3,,,,,,sd3@test.com,cl5_sd3@test.com
operator,op8_cl5_sd3@test.com,Op@Pass148,Operator 8-Cl5-SD3,,,,,,sd3@test.com,cl5_sd3@test.com
operator,op9_cl5_sd3@test.com,Op@Pass149,Operator 9-Cl5-SD3,,,,,,sd3@test.com,cl5_sd3@test.com
operator,op10_cl5_sd3@test.com,Op@Pass150,Operator 10-Cl5-SD3,,,,,,sd3@test.com,cl5_sd3@test.com
operator,op1_cl1_sd4@test.com,Op@Pass151,Operator 1-Cl1-SD4,,,,,,sd4@test.com,cl1_sd4@test.com
operator,op2_cl1_sd4@test.com,Op@Pass152,Operator 2-Cl1-SD4,,,,,,sd4@test.com,cl1_sd4@test.com
operator,op3_cl1_sd4@test.com,Op@Pass153,Operator 3-Cl1-SD4,,,,,,sd4@test.com,cl1_sd4@test.com
operator,op4_cl1_sd4@test.com,Op@Pass154,Operator 4-Cl1-SD4,,,,,,sd4@test.com,cl1_sd4@test.com
operator,op5_cl1_sd4@test.com,Op@Pass155,Operator 5-Cl1-SD4,,,,,,sd4@test.com,cl1_sd4@test.com
operator,op6_cl1_sd4@test.com,Op@Pass156,Operator 6-Cl1-SD4,,,,,,sd4@test.com,cl1_sd4@test.com
operator,op7_cl1_sd4@test.com,Op@Pass157,Operator 7-Cl1-SD4,,,,,,sd4@test.com,cl1_sd4@test.com
operator,op8_cl1_sd4@test.com,Op@Pass158,Operator 8-Cl1-SD4,,,,,,sd4@test.com,cl1_sd4@test.com
operator,op9_cl1_sd4@test.com,Op@Pass159,Operator 9-Cl1-SD4,,,,,,sd4@test.com,cl1_sd4@test.com
operator,op10_cl1_sd4@test.com,Op@Pass160,Operator 10-Cl1-SD4,,,,,,sd4@test.com,cl1_sd4@test.com
operator,op1_cl2_sd4@test.com,Op@Pass161,Operator 1-Cl2-SD4,,,,,,sd4@test.com,cl2_sd4@test.com
operator,op2_cl2_sd4@test.com,Op@Pass162,Operator 2-Cl2-SD4,,,,,,sd4@test.com,cl2_sd4@test.com
operator,op3_cl2_sd4@test.com,Op@Pass163,Operator 3-Cl2-SD4,,,,,,sd4@test.com,cl2_sd4@test.com
operator,op4_cl2_sd4@test.com,Op@Pass164,Operator 4-Cl2-SD4,,,,,,sd4@test.com,cl2_sd4@test.com
operator,op5_cl2_sd4@test.com,Op@Pass165,Operator 5-Cl2-SD4,,,,,,sd4@test.com,cl2_sd4@test.com
operator,op6_cl2_sd4@test.com,Op@Pass166,Operator 6-Cl2-SD4,,,,,,sd4@test.com,cl2_sd4@test.com
operator,op7_cl2_sd4@test.com,Op@Pass167,Operator 7-Cl2-SD4,,,,,,sd4@test.com,cl2_sd4@test.com
operator,op8_cl2_sd4@test.com,Op@Pass168,Operator 8-Cl2-SD4,,,,,,sd4@test.com,cl2_sd4@test.com
operator,op9_cl2_sd4@test.com,Op@Pass169,Operator 9-Cl2-SD4,,,,,,sd4@test.com,cl2_sd4@test.com
operator,op10_cl2_sd4@test.com,Op@Pass170,Operator 10-Cl2-SD4,,,,,,sd4@test.com,cl2_sd4@test.com
operator,op1_cl3_sd4@test.com,Op@Pass171,Operator 1-Cl3-SD4,,,,,,sd4@test.com,cl3_sd4@test.com
operator,op2_cl3_sd4@test.com,Op@Pass172,Operator 2-Cl3-SD4,,,,,,sd4@test.com,cl3_sd4@test.com
operator,op3_cl3_sd4@test.com,Op@Pass173,Operator 3-Cl3-SD4,,,,,,sd4@test.com,cl3_sd4@test.com
operator,op4_cl3_sd4@test.com,Op@Pass174,Operator 4-Cl3-SD4,,,,,,sd4@test.com,cl3_sd4@test.com
operator,op5_cl3_sd4@test.com,Op@Pass175,Operator 5-Cl3-SD4,,,,,,sd4@test.com,cl3_sd4@test.com
operator,op6_cl3_sd4@test.com,Op@Pass176,Operator 6-Cl3-SD4,,,,,,sd4@test.com,cl3_sd4@test.com
operator,op7_cl3_sd4@test.com,Op@Pass177,Operator 7-Cl3-SD4,,,,,,sd4@test.com,cl3_sd4@test.com
operator,op8_cl3_sd4@test.com,Op@Pass178,Operator 8-Cl3-SD4,,,,,,sd4@test.com,cl3_sd4@test.com
operator,op9_cl3_sd4@test.com,Op@Pass179,Operator 9-Cl3-SD4,,,,,,sd4@test.com,cl3_sd4@test.com
operator,op10_cl3_sd4@test.com,Op@Pass180,Operator 10-Cl3-SD4,,,,,,sd4@test.com,cl3_sd4@test.com
operator,op1_cl4_sd4@test.com,Op@Pass181,Operator 1-Cl4-SD4,,,,,,sd4@test.com,cl4_sd4@test.com
operator,op2_cl4_sd4@test.com,Op@Pass182,Operator 2-Cl4-SD4,,,,,,sd4@test.com,cl4_sd4@test.com
operator,op3_cl4_sd4@test.com,Op@Pass183,Operator 3-Cl4-SD4,,,,,,sd4@test.com,cl4_sd4@test.com
operator,op4_cl4_sd4@test.com,Op@Pass184,Operator 4-Cl4-SD4,,,,,,sd4@test.com,cl4_sd4@test.com
operator,op5_cl4_sd4@test.com,Op@Pass185,Operator 5-Cl4-SD4,,,,,,sd4@test.com,cl4_sd4@test.com
operator,op6_cl4_sd4@test.com,Op@Pass186,Operator 6-Cl4-SD4,,,,,,sd4@test.com,cl4_sd4@test.com
operator,op7_cl4_sd4@test.com,Op@Pass187,Operator 7-Cl4-SD4,,,,,,sd4@test.com,cl4_sd4@test.com
operator,op8_cl4_sd4@test.com,Op@Pass188,Operator 8-Cl4-SD4,,,,,,sd4@test.com,cl4_sd4@test.com
operator,op9_cl4_sd4@test.com,Op@Pass189,Operator 9-Cl4-SD4,,,,,,sd4@test.com,cl4_sd4@test.com
operator,op10_cl4_sd4@test.com,Op@Pass190,Operator 10-Cl4-SD4,,,,,,sd4@test.com,cl4_sd4@test.com
operator,op1_cl5_sd4@test.com,Op@Pass191,Operator 1-Cl5-SD4,,,,,,sd4@test.com,cl5_sd4@test.com
operator,op2_cl5_sd4@test.com,Op@Pass192,Operator 2-Cl5-SD4,,,,,,sd4@test.com,cl5_sd4@test.com
operator,op3_cl5_sd4@test.com,Op@Pass193,Operator 3-Cl5-SD4,,,,,,sd4@test.com,cl5_sd4@test.com
operator,op4_cl5_sd4@test.com,Op@Pass194,Operator 4-Cl5-SD4,,,,,,sd4@test.com,cl5_sd4@test.com
operator,op5_cl5_sd4@test.com,Op@Pass195,Operator 5-Cl5-SD4,,,,,,sd4@test.com,cl5_sd4@test.com
operator,op6_cl5_sd4@test.com,Op@Pass196,Operator 6-Cl5-SD4,,,,,,sd4@test.com,cl5_sd4@test.com
operator,op7_cl5_sd4@test.com,Op@Pass197,Operator 7-Cl5-SD4,,,,,,sd4@test.com,cl5_sd4@test.com
operator,op8_cl5_sd4@test.com,Op@Pass198,Operator 8-Cl5-SD4,,,,,,sd4@test.com,cl5_sd4@test.com
operator,op9_cl5_sd4@test.com,Op@Pass199,Operator 9-Cl5-SD4,,,,,,sd4@test.com,cl5_sd4@test.com
operator,op10_cl5_sd4@test.com,Op@Pass200,Operator 10-Cl5-SD4,,,,,,sd4@test.com,cl5_sd4@test.com
operator,op1_cl1_sd5@test.com,Op@Pass201,Operator 1-Cl1-SD5,,,,,,sd5@test.com,cl1_sd5@test.com
operator,op2_cl1_sd5@test.com,Op@Pass202,Operator 2-Cl1-SD5,,,,,,sd5@test.com,cl1_sd5@test.com
operator,op3_cl1_sd5@test.com,Op@Pass203,Operator 3-Cl1-SD5,,,,,,sd5@test.com,cl1_sd5@test.com
operator,op4_cl1_sd5@test.com,Op@Pass204,Operator 4-Cl1-SD5,,,,,,sd5@test.com,cl1_sd5@test.com
operator,op5_cl1_sd5@test.com,Op@Pass205,Operator 5-Cl1-SD5,,,,,,sd5@test.com,cl1_sd5@test.com
operator,op6_cl1_sd5@test.com,Op@Pass206,Operator 6-Cl1-SD5,,,,,,sd5@test.com,cl1_sd5@test.com
operator,op7_cl1_sd5@test.com,Op@Pass207,Operator 7-Cl1-SD5,,,,,,sd5@test.com,cl1_sd5@test.com
operator,op8_cl1_sd5@test.com,Op@Pass208,Operator 8-Cl1-SD5,,,,,,sd5@test.com,cl1_sd5@test.com
operator,op9_cl1_sd5@test.com,Op@Pass209,Operator 9-Cl1-SD5,,,,,,sd5@test.com,cl1_sd5@test.com
operator,op10_cl1_sd5@test.com,Op@Pass210,Operator 10-Cl1-SD5,,,,,,sd5@test.com,cl1_sd5@test.com
operator,op1_cl2_sd5@test.com,Op@Pass211,Operator 1-Cl2-SD5,,,,,,sd5@test.com,cl2_sd5@test.com
operator,op2_cl2_sd5@test.com,Op@Pass212,Operator 2-Cl2-SD5,,,,,,sd5@test.com,cl2_sd5@test.com
operator,op3_cl2_sd5@test.com,Op@Pass213,Operator 3-Cl2-SD5,,,,,,sd5@test.com,cl2_sd5@test.com
operator,op4_cl2_sd5@test.com,Op@Pass214,Operator 4-Cl2-SD5,,,,,,sd5@test.com,cl2_sd5@test.com
operator,op5_cl2_sd5@test.com,Op@Pass215,Operator 5-Cl2-SD5,,,,,,sd5@test.com,cl2_sd5@test.com
operator,op6_cl2_sd5@test.com,Op@Pass216,Operator 6-Cl2-SD5,,,,,,sd5@test.com,cl2_sd5@test.com
operator,op7_cl2_sd5@test.com,Op@Pass217,Operator 7-Cl2-SD5,,,,,,sd5@test.com,cl2_sd5@test.com
operator,op8_cl2_sd5@test.com,Op@Pass218,Operator 8-Cl2-SD5,,,,,,sd5@test.com,cl2_sd5@test.com
operator,op9_cl2_sd5@test.com,Op@Pass219,Operator 9-Cl2-SD5,,,,,,sd5@test.com,cl2_sd5@test.com
operator,op10_cl2_sd5@test.com,Op@Pass220,Operator 10-Cl2-SD5,,,,,,sd5@test.com,cl2_sd5@test.com
operator,op1_cl3_sd5@test.com,Op@Pass221,Operator 1-Cl3-SD5,,,,,,sd5@test.com,cl3_sd5@test.com
operator,op2_cl3_sd5@test.com,Op@Pass222,Operator 2-Cl3-SD5,,,,,,sd5@test.com,cl3_sd5@test.com
operator,op3_cl3_sd5@test.com,Op@Pass223,Operator 3-Cl3-SD5,,,,,,sd5@test.com,cl3_sd5@test.com
operator,op4_cl3_sd5@test.com,Op@Pass224,Operator 4-Cl3-SD5,,,,,,sd5@test.com,cl3_sd5@test.com
operator,op5_cl3_sd5@test.com,Op@Pass225,Operator 5-Cl3-SD5,,,,,,sd5@test.com,cl3_sd5@test.com
operator,op6_cl3_sd5@test.com,Op@Pass226,Operator 6-Cl3-SD5,,,,,,sd5@test.com,cl3_sd5@test.com
operator,op7_cl3_sd5@test.com,Op@Pass227,Operator 7-Cl3-SD5,,,,,,sd5@test.com,cl3_sd5@test.com
operator,op8_cl3_sd5@test.com,Op@Pass228,Operator 8-Cl3-SD5,,,,,,sd5@test.com,cl3_sd5@test.com
operator,op9_cl3_sd5@test.com,Op@Pass229,Operator 9-Cl3-SD5,,,,,,sd5@test.com,cl3_sd5@test.com
operator,op10_cl3_sd5@test.com,Op@Pass230,Operator 10-Cl3-SD5,,,,,,sd5@test.com,cl3_sd5@test.com
operator,op1_cl4_sd5@test.com,Op@Pass231,Operator 1-Cl4-SD5,,,,,,sd5@test.com,cl4_sd5@test.com
operator,op2_cl4_sd5@test.com,Op@Pass232,Operator 2-Cl4-SD5,,,,,,sd5@test.com,cl4_sd5@test.com
operator,op3_cl4_sd5@test.com,Op@Pass233,Operator 3-Cl4-SD5,,,,,,sd5@test.com,cl4_sd5@test.com
operator,op4_cl4_sd5@test.com,Op@Pass234,Operator 4-Cl4-SD5,,,,,,sd5@test.com,cl4_sd5@test.com
operator,op5_cl4_sd5@test.com,Op@Pass235,Operator 5-Cl4-SD5,,,,,,sd5@test.com,cl4_sd5@test.com
operator,op6_cl4_sd5@test.com,Op@Pass236,Operator 6-Cl4-SD5,,,,,,sd5@test.com,cl4_sd5@test.com
operator,op7_cl4_sd5@test.com,Op@Pass237,Operator 7-Cl4-SD5,,,,,,sd5@test.com,cl4_sd5@test.com
operator,op8_cl4_sd5@test.com,Op@Pass238,Operator 8-Cl4-SD5,,,,,,sd5@test.com,cl4_sd5@test.com
operator,op9_cl4_sd5@test.com,Op@Pass239,Operator 9-Cl4-SD5,,,,,,sd5@test.com,cl4_sd5@test.com
operator,op10_cl4_sd5@test.com,Op@Pass240,Operator 10-Cl4-SD5,,,,,,sd5@test.com,cl4_sd5@test.com
operator,op1_cl5_sd5@test.com,Op@Pass241,Operator 1-Cl5-SD5,,,,,,sd5@test.com,cl5_sd5@test.com
operator,op2_cl5_sd5@test.com,Op@Pass242,Operator 2-Cl5-SD5,,,,,,sd5@test.com,cl5_sd5@test.com
operator,op3_cl5_sd5@test.com,Op@Pass243,Operator 3-Cl5-SD5,,,,,,sd5@test.com,cl5_sd5@test.com
operator,op4_cl5_sd5@test.com,Op@Pass244,Operator 4-Cl5-SD5,,,,,,sd5@test.com,cl5_sd5@test.com
operator,op5_cl5_sd5@test.com,Op@Pass245,Operator 5-Cl5-SD5,,,,,,sd5@test.com,cl5_sd5@test.com
operator,op6_cl5_sd5@test.com,Op@Pass246,Operator 6-Cl5-SD5,,,,,,sd5@test.com,cl5_sd5@test.com
operator,op7_cl5_sd5@test.com,Op@Pass247,Operator 7-Cl5-SD5,,,,,,sd5@test.com,cl5_sd5@test.com
operator,op8_cl5_sd5@test.com,Op@Pass248,Operator 8-Cl5-SD5,,,,,,sd5@test.com,cl5_sd5@test.com
operator,op9_cl5_sd5@test.com,Op@Pass249,Operator 9-Cl5-SD5,,,,,,sd5@test.com,cl5_sd5@test.com
operator,op10_cl5_sd5@test.com,Op@Pass250,Operator 10-Cl5-SD5,,,,,,sd5@test.com,cl5_sd5@test.com
operator,op1_cl1_sd6@test.com,Op@Pass251,Operator 1-Cl1-SD6,,,,,,sd6@test.com,cl1_sd6@test.com
operator,op2_cl1_sd6@test.com,Op@Pass252,Operator 2-Cl1-SD6,,,,,,sd6@test.com,cl1_sd6@test.com
operator,op3_cl1_sd6@test.com,Op@Pass253,Operator 3-Cl1-SD6,,,,,,sd6@test.com,cl1_sd6@test.com
operator,op4_cl1_sd6@test.com,Op@Pass254,Operator 4-Cl1-SD6,,,,,,sd6@test.com,cl1_sd6@test.com
operator,op5_cl1_sd6@test.com,Op@Pass255,Operator 5-Cl1-SD6,,,,,,sd6@test.com,cl1_sd6@test.com
operator,op6_cl1_sd6@test.com,Op@Pass256,Operator 6-Cl1-SD6,,,,,,sd6@test.com,cl1_sd6@test.com
operator,op7_cl1_sd6@test.com,Op@Pass257,Operator 7-Cl1-SD6,,,,,,sd6@test.com,cl1_sd6@test.com
operator,op8_cl1_sd6@test.com,Op@Pass258,Operator 8-Cl1-SD6,,,,,,sd6@test.com,cl1_sd6@test.com
operator,op9_cl1_sd6@test.com,Op@Pass259,Operator 9-Cl1-SD6,,,,,,sd6@test.com,cl1_sd6@test.com
operator,op10_cl1_sd6@test.com,Op@Pass260,Operator 10-Cl1-SD6,,,,,,sd6@test.com,cl1_sd6@test.com
operator,op1_cl2_sd6@test.com,Op@Pass261,Operator 1-Cl2-SD6,,,,,,sd6@test.com,cl2_sd6@test.com
operator,op2_cl2_sd6@test.com,Op@Pass262,Operator 2-Cl2-SD6,,,,,,sd6@test.com,cl2_sd6@test.com
operator,op3_cl2_sd6@test.com,Op@Pass263,Operator 3-Cl2-SD6,,,,,,sd6@test.com,cl2_sd6@test.com
operator,op4_cl2_sd6@test.com,Op@Pass264,Operator 4-Cl2-SD6,,,,,,sd6@test.com,cl2_sd6@test.com
operator,op5_cl2_sd6@test.com,Op@Pass265,Operator 5-Cl2-SD6,,,,,,sd6@test.com,cl2_sd6@test.com
operator,op6_cl2_sd6@test.com,Op@Pass266,Operator 6-Cl2-SD6,,,,,,sd6@test.com,cl2_sd6@test.com
operator,op7_cl2_sd6@test.com,Op@Pass267,Operator 7-Cl2-SD6,,,,,,sd6@test.com,cl2_sd6@test.com
operator,op8_cl2_sd6@test.com,Op@Pass268,Operator 8-Cl2-SD6,,,,,,sd6@test.com,cl2_sd6@test.com
operator,op9_cl2_sd6@test.com,Op@Pass269,Operator 9-Cl2-SD6,,,,,,sd6@test.com,cl2_sd6@test.com
operator,op10_cl2_sd6@test.com,Op@Pass270,Operator 10-Cl2-SD6,,,,,,sd6@test.com,cl2_sd6@test.com
operator,op1_cl3_sd6@test.com,Op@Pass271,Operator 1-Cl3-SD6,,,,,,sd6@test.com,cl3_sd6@test.com
operator,op2_cl3_sd6@test.com,Op@Pass272,Operator 2-Cl3-SD6,,,,,,sd6@test.com,cl3_sd6@test.com
operator,op3_cl3_sd6@test.com,Op@Pass273,Operator 3-Cl3-SD6,,,,,,sd6@test.com,cl3_sd6@test.com
operator,op4_cl3_sd6@test.com,Op@Pass274,Operator 4-Cl3-SD6,,,,,,sd6@test.com,cl3_sd6@test.com
operator,op5_cl3_sd6@test.com,Op@Pass275,Operator 5-Cl3-SD6,,,,,,sd6@test.com,cl3_sd6@test.com
operator,op6_cl3_sd6@test.com,Op@Pass276,Operator 6-Cl3-SD6,,,,,,sd6@test.com,cl3_sd6@test.com
operator,op7_cl3_sd6@test.com,Op@Pass277,Operator 7-Cl3-SD6,,,,,,sd6@test.com,cl3_sd6@test.com
operator,op8_cl3_sd6@test.com,Op@Pass278,Operator 8-Cl3-SD6,,,,,,sd6@test.com,cl3_sd6@test.com
operator,op9_cl3_sd6@test.com,Op@Pass279,Operator 9-Cl3-SD6,,,,,,sd6@test.com,cl3_sd6@test.com
operator,op10_cl3_sd6@test.com,Op@Pass280,Operator 10-Cl3-SD6,,,,,,sd6@test.com,cl3_sd6@test.com
operator,op1_cl4_sd6@test.com,Op@Pass281,Operator 1-Cl4-SD6,,,,,,sd6@test.com,cl4_sd6@test.com
operator,op2_cl4_sd6@test.com,Op@Pass282,Operator 2-Cl4-SD6,,,,,,sd6@test.com,cl4_sd6@test.com
operator,op3_cl4_sd6@test.com,Op@Pass283,Operator 3-Cl4-SD6,,,,,,sd6@test.com,cl4_sd6@test.com
operator,op4_cl4_sd6@test.com,Op@Pass284,Operator 4-Cl4-SD6,,,,,,sd6@test.com,cl4_sd6@test.com
operator,op5_cl4_sd6@test.com,Op@Pass285,Operator 5-Cl4-SD6,,,,,,sd6@test.com,cl4_sd6@test.com
operator,op6_cl4_sd6@test.com,Op@Pass286,Operator 6-Cl4-SD6,,,,,,sd6@test.com,cl4_sd6@test.com
operator,op7_cl4_sd6@test.com,Op@Pass287,Operator 7-Cl4-SD6,,,,,,sd6@test.com,cl4_sd6@test.com
operator,op8_cl4_sd6@test.com,Op@Pass288,Operator 8-Cl4-SD6,,,,,,sd6@test.com,cl4_sd6@test.com
operator,op9_cl4_sd6@test.com,Op@Pass289,Operator 9-Cl4-SD6,,,,,,sd6@test.com,cl4_sd6@test.com
operator,op10_cl4_sd6@test.com,Op@Pass290,Operator 10-Cl4-SD6,,,,,,sd6@test.com,cl4_sd6@test.com
operator,op1_cl5_sd6@test.com,Op@Pass291,Operator 1-Cl5-SD6,,,,,,sd6@test.com,cl5_sd6@test.com
operator,op2_cl5_sd6@test.com,Op@Pass292,Operator 2-Cl5-SD6,,,,,,sd6@test.com,cl5_sd6@test.com
operator,op3_cl5_sd6@test.com,Op@Pass293,Operator 3-Cl5-SD6,,,,,,sd6@test.com,cl5_sd6@test.com
operator,op4_cl5_sd6@test.com,Op@Pass294,Operator 4-Cl5-SD6,,,,,,sd6@test.com,cl5_sd6@test.com
operator,op5_cl5_sd6@test.com,Op@Pass295,Operator 5-Cl5-SD6,,,,,,sd6@test.com,cl5_sd6@test.com
operator,op6_cl5_sd6@test.com,Op@Pass296,Operator 6-Cl5-SD6,,,,,,sd6@test.com,cl5_sd6@test.com
operator,op7_cl5_sd6@test.com,Op@Pass297,Operator 7-Cl5-SD6,,,,,,sd6@test.com,cl5_sd6@test.com
operator,op8_cl5_sd6@test.com,Op@Pass298,Operator 8-Cl5-SD6,,,,,,sd6@test.com,cl5_sd6@test.com
operator,op9_cl5_sd6@test.com,Op@Pass299,Operator 9-Cl5-SD6,,,,,,sd6@test.com,cl5_sd6@test.com
operator,op10_cl5_sd6@test.com,Op@Pass300,Operator 10-Cl5-SD6,,,,,,sd6@test.com,cl5_sd6@test.com
operator,op1_cl1_sd7@test.com,Op@Pass301,Operator 1-Cl1-SD7,,,,,,sd7@test.com,cl1_sd7@test.com
operator,op2_cl1_sd7@test.com,Op@Pass302,Operator 2-Cl1-SD7,,,,,,sd7@test.com,cl1_sd7@test.com
operator,op3_cl1_sd7@test.com,Op@Pass303,Operator 3-Cl1-SD7,,,,,,sd7@test.com,cl1_sd7@test.com
operator,op4_cl1_sd7@test.com,Op@Pass304,Operator 4-Cl1-SD7,,,,,,sd7@test.com,cl1_sd7@test.com
operator,op5_cl1_sd7@test.com,Op@Pass305,Operator 5-Cl1-SD7,,,,,,sd7@test.com,cl1_sd7@test.com
operator,op6_cl1_sd7@test.com,Op@Pass306,Operator 6-Cl1-SD7,,,,,,sd7@test.com,cl1_sd7@test.com
operator,op7_cl1_sd7@test.com,Op@Pass307,Operator 7-Cl1-SD7,,,,,,sd7@test.com,cl1_sd7@test.com
operator,op8_cl1_sd7@test.com,Op@Pass308,Operator 8-Cl1-SD7,,,,,,sd7@test.com,cl1_sd7@test.com
operator,op9_cl1_sd7@test.com,Op@Pass309,Operator 9-Cl1-SD7,,,,,,sd7@test.com,cl1_sd7@test.com
operator,op10_cl1_sd7@test.com,Op@Pass310,Operator 10-Cl1-SD7,,,,,,sd7@test.com,cl1_sd7@test.com
operator,op1_cl2_sd7@test.com,Op@Pass311,Operator 1-Cl2-SD7,,,,,,sd7@test.com,cl2_sd7@test.com
operator,op2_cl2_sd7@test.com,Op@Pass312,Operator 2-Cl2-SD7,,,,,,sd7@test.com,cl2_sd7@test.com
operator,op3_cl2_sd7@test.com,Op@Pass313,Operator 3-Cl2-SD7,,,,,,sd7@test.com,cl2_sd7@test.com
operator,op4_cl2_sd7@test.com,Op@Pass314,Operator 4-Cl2-SD7,,,,,,sd7@test.com,cl2_sd7@test.com
operator,op5_cl2_sd7@test.com,Op@Pass315,Operator 5-Cl2-SD7,,,,,,sd7@test.com,cl2_sd7@test.com
operator,op6_cl2_sd7@test.com,Op@Pass316,Operator 6-Cl2-SD7,,,,,,sd7@test.com,cl2_sd7@test.com
operator,op7_cl2_sd7@test.com,Op@Pass317,Operator 7-Cl2-SD7,,,,,,sd7@test.com,cl2_sd7@test.com
operator,op8_cl2_sd7@test.com,Op@Pass318,Operator 8-Cl2-SD7,,,,,,sd7@test.com,cl2_sd7@test.com
operator,op9_cl2_sd7@test.com,Op@Pass319,Operator 9-Cl2-SD7,,,,,,sd7@test.com,cl2_sd7@test.com
operator,op10_cl2_sd7@test.com,Op@Pass320,Operator 10-Cl2-SD7,,,,,,sd7@test.com,cl2_sd7@test.com
operator,op1_cl3_sd7@test.com,Op@Pass321,Operator 1-Cl3-SD7,,,,,,sd7@test.com,cl3_sd7@test.com
operator,op2_cl3_sd7@test.com,Op@Pass322,Operator 2-Cl3-SD7,,,,,,sd7@test.com,cl3_sd7@test.com
operator,op3_cl3_sd7@test.com,Op@Pass323,Operator 3-Cl3-SD7,,,,,,sd7@test.com,cl3_sd7@test.com
operator,op4_cl3_sd7@test.com,Op@Pass324,Operator 4-Cl3-SD7,,,,,,sd7@test.com,cl3_sd7@test.com
operator,op5_cl3_sd7@test.com,Op@Pass325,Operator 5-Cl3-SD7,,,,,,sd7@test.com,cl3_sd7@test.com
operator,op6_cl3_sd7@test.com,Op@Pass326,Operator 6-Cl3-SD7,,,,,,sd7@test.com,cl3_sd7@test.com
operator,op7_cl3_sd7@test.com,Op@Pass327,Operator 7-Cl3-SD7,,,,,,sd7@test.com,cl3_sd7@test.com
operator,op8_cl3_sd7@test.com,Op@Pass328,Operator 8-Cl3-SD7,,,,,,sd7@test.com,cl3_sd7@test.com
operator,op9_cl3_sd7@test.com,Op@Pass329,Operator 9-Cl3-SD7,,,,,,sd7@test.com,cl3_sd7@test.com
operator,op10_cl3_sd7@test.com,Op@Pass330,Operator 10-Cl3-SD7,,,,,,sd7@test.com,cl3_sd7@test.com
operator,op1_cl4_sd7@test.com,Op@Pass331,Operator 1-Cl4-SD7,,,,,,sd7@test.com,cl4_sd7@test.com
operator,op2_cl4_sd7@test.com,Op@Pass332,Operator 2-Cl4-SD7,,,,,,sd7@test.com,cl4_sd7@test.com
operator,op3_cl4_sd7@test.com,Op@Pass333,Operator 3-Cl4-SD7,,,,,,sd7@test.com,cl4_sd7@test.com
operator,op4_cl4_sd7@test.com,Op@Pass334,Operator 4-Cl4-SD7,,,,,,sd7@test.com,cl4_sd7@test.com
operator,op5_cl4_sd7@test.com,Op@Pass335,Operator 5-Cl4-SD7,,,,,,sd7@test.com,cl4_sd7@test.com
operator,op6_cl4_sd7@test.com,Op@Pass336,Operator 6-Cl4-SD7,,,,,,sd7@test.com,cl4_sd7@test.com
operator,op7_cl4_sd7@test.com,Op@Pass337,Operator 7-Cl4-SD7,,,,,,sd7@test.com,cl4_sd7@test.com
operator,op8_cl4_sd7@test.com,Op@Pass338,Operator 8-Cl4-SD7,,,,,,sd7@test.com,cl4_sd7@test.com
operator,op9_cl4_sd7@test.com,Op@Pass339,Operator 9-Cl4-SD7,,,,,,sd7@test.com,cl4_sd7@test.com
operator,op10_cl4_sd7@test.com,Op@Pass340,Operator 10-Cl4-SD7,,,,,,sd7@test.com,cl4_sd7@test.com
operator,op1_cl5_sd7@test.com,Op@Pass341,Operator 1-Cl5-SD7,,,,,,sd7@test.com,cl5_sd7@test.com
operator,op2_cl5_sd7@test.com,Op@Pass342,Operator 2-Cl5-SD7,,,,,,sd7@test.com,cl5_sd7@test.com
operator,op3_cl5_sd7@test.com,Op@Pass343,Operator 3-Cl5-SD7,,,,,,sd7@test.com,cl5_sd7@test.com
operator,op4_cl5_sd7@test.com,Op@Pass344,Operator 4-Cl5-SD7,,,,,,sd7@test.com,cl5_sd7@test.com
operator,op5_cl5_sd7@test.com,Op@Pass345,Operator 5-Cl5-SD7,,,,,,sd7@test.com,cl5_sd7@test.com
operator,op6_cl5_sd7@test.com,Op@Pass346,Operator 6-Cl5-SD7,,,,,,sd7@test.com,cl5_sd7@test.com
operator,op7_cl5_sd7@test.com,Op@Pass347,Operator 7-Cl5-SD7,,,,,,sd7@test.com,cl5_sd7@test.com
operator,op8_cl5_sd7@test.com,Op@Pass348,Operator 8-Cl5-SD7,,,,,,sd7@test.com,cl5_sd7@test.com
operator,op9_cl5_sd7@test.com,Op@Pass349,Operator 9-Cl5-SD7,,,,,,sd7@test.com,cl5_sd7@test.com
operator,op10_cl5_sd7@test.com,Op@Pass350,Operator 10-Cl5-SD7,,,,,,sd7@test.com,cl5_sd7@test.com
operator,op1_cl1_sd8@test.com,Op@Pass351,Operator 1-Cl1-SD8,,,,,,sd8@test.com,cl1_sd8@test.com
operator,op2_cl1_sd8@test.com,Op@Pass352,Operator 2-Cl1-SD8,,,,,,sd8@test.com,cl1_sd8@test.com
operator,op3_cl1_sd8@test.com,Op@Pass353,Operator 3-Cl1-SD8,,,,,,sd8@test.com,cl1_sd8@test.com
operator,op4_cl1_sd8@test.com,Op@Pass354,Operator 4-Cl1-SD8,,,,,,sd8@test.com,cl1_sd8@test.com
operator,op5_cl1_sd8@test.com,Op@Pass355,Operator 5-Cl1-SD8,,,,,,sd8@test.com,cl1_sd8@test.com
operator,op6_cl1_sd8@test.com,Op@Pass356,Operator 6-Cl1-SD8,,,,,,sd8@test.com,cl1_sd8@test.com
operator,op7_cl1_sd8@test.com,Op@Pass357,Operator 7-Cl1-SD8,,,,,,sd8@test.com,cl1_sd8@test.com
operator,op8_cl1_sd8@test.com,Op@Pass358,Operator 8-Cl1-SD8,,,,,,sd8@test.com,cl1_sd8@test.com
operator,op9_cl1_sd8@test.com,Op@Pass359,Operator 9-Cl1-SD8,,,,,,sd8@test.com,cl1_sd8@test.com
operator,op10_cl1_sd8@test.com,Op@Pass360,Operator 10-Cl1-SD8,,,,,,sd8@test.com,cl1_sd8@test.com
operator,op1_cl2_sd8@test.com,Op@Pass361,Operator 1-Cl2-SD8,,,,,,sd8@test.com,cl2_sd8@test.com
operator,op2_cl2_sd8@test.com,Op@Pass362,Operator 2-Cl2-SD8,,,,,,sd8@test.com,cl2_sd8@test.com
operator,op3_cl2_sd8@test.com,Op@Pass363,Operator 3-Cl2-SD8,,,,,,sd8@test.com,cl2_sd8@test.com
operator,op4_cl2_sd8@test.com,Op@Pass364,Operator 4-Cl2-SD8,,,,,,sd8@test.com,cl2_sd8@test.com
operator,op5_cl2_sd8@test.com,Op@Pass365,Operator 5-Cl2-SD8,,,,,,sd8@test.com,cl2_sd8@test.com
operator,op6_cl2_sd8@test.com,Op@Pass366,Operator 6-Cl2-SD8,,,,,,sd8@test.com,cl2_sd8@test.com
operator,op7_cl2_sd8@test.com,Op@Pass367,Operator 7-Cl2-SD8,,,,,,sd8@test.com,cl2_sd8@test.com
operator,op8_cl2_sd8@test.com,Op@Pass368,Operator 8-Cl2-SD8,,,,,,sd8@test.com,cl2_sd8@test.com
operator,op9_cl2_sd8@test.com,Op@Pass369,Operator 9-Cl2-SD8,,,,,,sd8@test.com,cl2_sd8@test.com
operator,op10_cl2_sd8@test.com,Op@Pass370,Operator 10-Cl2-SD8,,,,,,sd8@test.com,cl2_sd8@test.com
operator,op1_cl3_sd8@test.com,Op@Pass371,Operator 1-Cl3-SD8,,,,,,sd8@test.com,cl3_sd8@test.com
operator,op2_cl3_sd8@test.com,Op@Pass372,Operator 2-Cl3-SD8,,,,,,sd8@test.com,cl3_sd8@test.com
operator,op3_cl3_sd8@test.com,Op@Pass373,Operator 3-Cl3-SD8,,,,,,sd8@test.com,cl3_sd8@test.com
operator,op4_cl3_sd8@test.com,Op@Pass374,Operator 4-Cl3-SD8,,,,,,sd8@test.com,cl3_sd8@test.com
operator,op5_cl3_sd8@test.com,Op@Pass375,Operator 5-Cl3-SD8,,,,,,sd8@test.com,cl3_sd8@test.com
operator,op6_cl3_sd8@test.com,Op@Pass376,Operator 6-Cl3-SD8,,,,,,sd8@test.com,cl3_sd8@test.com
operator,op7_cl3_sd8@test.com,Op@Pass377,Operator 7-Cl3-SD8,,,,,,sd8@test.com,cl3_sd8@test.com
operator,op8_cl3_sd8@test.com,Op@Pass378,Operator 8-Cl3-SD8,,,,,,sd8@test.com,cl3_sd8@test.com
operator,op9_cl3_sd8@test.com,Op@Pass379,Operator 9-Cl3-SD8,,,,,,sd8@test.com,cl3_sd8@test.com
operator,op10_cl3_sd8@test.com,Op@Pass380,Operator 10-Cl3-SD8,,,,,,sd8@test.com,cl3_sd8@test.com
operator,op1_cl4_sd8@test.com,Op@Pass381,Operator 1-Cl4-SD8,,,,,,sd8@test.com,cl4_sd8@test.com
operator,op2_cl4_sd8@test.com,Op@Pass382,Operator 2-Cl4-SD8,,,,,,sd8@test.com,cl4_sd8@test.com
operator,op3_cl4_sd8@test.com,Op@Pass383,Operator 3-Cl4-SD8,,,,,,sd8@test.com,cl4_sd8@test.com
operator,op4_cl4_sd8@test.com,Op@Pass384,Operator 4-Cl4-SD8,,,,,,sd8@test.com,cl4_sd8@test.com
operator,op5_cl4_sd8@test.com,Op@Pass385,Operator 5-Cl4-SD8,,,,,,sd8@test.com,cl4_sd8@test.com
operator,op6_cl4_sd8@test.com,Op@Pass386,Operator 6-Cl4-SD8,,,,,,sd8@test.com,cl4_sd8@test.com
operator,op7_cl4_sd8@test.com,Op@Pass387,Operator 7-Cl4-SD8,,,,,,sd8@test.com,cl4_sd8@test.com
operator,op8_cl4_sd8@test.com,Op@Pass388,Operator 8-Cl4-SD8,,,,,,sd8@test.com,cl4_sd8@test.com
operator,op9_cl4_sd8@test.com,Op@Pass389,Operator 9-Cl4-SD8,,,,,,sd8@test.com,cl4_sd8@test.com
operator,op10_cl4_sd8@test.com,Op@Pass390,Operator 10-Cl4-SD8,,,,,,sd8@test.com,cl4_sd8@test.com
operator,op1_cl5_sd8@test.com,Op@Pass391,Operator 1-Cl5-SD8,,,,,,sd8@test.com,cl5_sd8@test.com
operator,op2_cl5_sd8@test.com,Op@Pass392,Operator 2-Cl5-SD8,,,,,,sd8@test.com,cl5_sd8@test.com
operator,op3_cl5_sd8@test.com,Op@Pass393,Operator 3-Cl5-SD8,,,,,,sd8@test.com,cl5_sd8@test.com
operator,op4_cl5_sd8@test.com,Op@Pass394,Operator 4-Cl5-SD8,,,,,,sd8@test.com,cl5_sd8@test.com
operator,op5_cl5_sd8@test.com,Op@Pass395,Operator 5-Cl5-SD8,,,,,,sd8@test.com,cl5_sd8@test.com
operator,op6_cl5_sd8@test.com,Op@Pass396,Operator 6-Cl5-SD8,,,,,,sd8@test.com,cl5_sd8@test.com
operator,op7_cl5_sd8@test.com,Op@Pass397,Operator 7-Cl5-SD8,,,,,,sd8@test.com,cl5_sd8@test.com
operator,op8_cl5_sd8@test.com,Op@Pass398,Operator 8-Cl5-SD8,,,,,,sd8@test.com,cl5_sd8@test.com
operator,op9_cl5_sd8@test.com,Op@Pass399,Operator 9-Cl5-SD8,,,,,,sd8@test.com,cl5_sd8@test.com
operator,op10_cl5_sd8@test.com,Op@Pass400,Operator 10-Cl5-SD8,,,,,,sd8@test.com,cl5_sd8@test.com
operator,op1_cl1_sd9@test.com,Op@Pass401,Operator 1-Cl1-SD9,,,,,,sd9@test.com,cl1_sd9@test.com
operator,op2_cl1_sd9@test.com,Op@Pass402,Operator 2-Cl1-SD9,,,,,,sd9@test.com,cl1_sd9@test.com
operator,op3_cl1_sd9@test.com,Op@Pass403,Operator 3-Cl1-SD9,,,,,,sd9@test.com,cl1_sd9@test.com
operator,op4_cl1_sd9@test.com,Op@Pass404,Operator 4-Cl1-SD9,,,,,,sd9@test.com,cl1_sd9@test.com
operator,op5_cl1_sd9@test.com,Op@Pass405,Operator 5-Cl1-SD9,,,,,,sd9@test.com,cl1_sd9@test.com
operator,op6_cl1_sd9@test.com,Op@Pass406,Operator 6-Cl1-SD9,,,,,,sd9@test.com,cl1_sd9@test.com
operator,op7_cl1_sd9@test.com,Op@Pass407,Operator 7-Cl1-SD9,,,,,,sd9@test.com,cl1_sd9@test.com
operator,op8_cl1_sd9@test.com,Op@Pass408,Operator 8-Cl1-SD9,,,,,,sd9@test.com,cl1_sd9@test.com
operator,op9_cl1_sd9@test.com,Op@Pass409,Operator 9-Cl1-SD9,,,,,,sd9@test.com,cl1_sd9@test.com
operator,op10_cl1_sd9@test.com,Op@Pass410,Operator 10-Cl1-SD9,,,,,,sd9@test.com,cl1_sd9@test.com
operator,op1_cl2_sd9@test.com,Op@Pass411,Operator 1-Cl2-SD9,,,,,,sd9@test.com,cl2_sd9@test.com
operator,op2_cl2_sd9@test.com,Op@Pass412,Operator 2-Cl2-SD9,,,,,,sd9@test.com,cl2_sd9@test.com
operator,op3_cl2_sd9@test.com,Op@Pass413,Operator 3-Cl2-SD9,,,,,,sd9@test.com,cl2_sd9@test.com
operator,op4_cl2_sd9@test.com,Op@Pass414,Operator 4-Cl2-SD9,,,,,,sd9@test.com,cl2_sd9@test.com
operator,op5_cl2_sd9@test.com,Op@Pass415,Operator 5-Cl2-SD9,,,,,,sd9@test.com,cl2_sd9@test.com
operator,op6_cl2_sd9@test.com,Op@Pass416,Operator 6-Cl2-SD9,,,,,,sd9@test.com,cl2_sd9@test.com
operator,op7_cl2_sd9@test.com,Op@Pass417,Operator 7-Cl2-SD9,,,,,,sd9@test.com,cl2_sd9@test.com
operator,op8_cl2_sd9@test.com,Op@Pass418,Operator 8-Cl2-SD9,,,,,,sd9@test.com,cl2_sd9@test.com
operator,op9_cl2_sd9@test.com,Op@Pass419,Operator 9-Cl2-SD9,,,,,,sd9@test.com,cl2_sd9@test.com
operator,op10_cl2_sd9@test.com,Op@Pass420,Operator 10-Cl2-SD9,,,,,,sd9@test.com,cl2_sd9@test.com
operator,op1_cl3_sd9@test.com,Op@Pass421,Operator 1-Cl3-SD9,,,,,,sd9@test.com,cl3_sd9@test.com
operator,op2_cl3_sd9@test.com,Op@Pass422,Operator 2-Cl3-SD9,,,,,,sd9@test.com,cl3_sd9@test.com
operator,op3_cl3_sd9@test.com,Op@Pass423,Operator 3-Cl3-SD9,,,,,,sd9@test.com,cl3_sd9@test.com
operator,op4_cl3_sd9@test.com,Op@Pass424,Operator 4-Cl3-SD9,,,,,,sd9@test.com,cl3_sd9@test.com
operator,op5_cl3_sd9@test.com,Op@Pass425,Operator 5-Cl3-SD9,,,,,,sd9@test.com,cl3_sd9@test.com
operator,op6_cl3_sd9@test.com,Op@Pass426,Operator 6-Cl3-SD9,,,,,,sd9@test.com,cl3_sd9@test.com
operator,op7_cl3_sd9@test.com,Op@Pass427,Operator 7-Cl3-SD9,,,,,,sd9@test.com,cl3_sd9@test.com
operator,op8_cl3_sd9@test.com,Op@Pass428,Operator 8-Cl3-SD9,,,,,,sd9@test.com,cl3_sd9@test.com
operator,op9_cl3_sd9@test.com,Op@Pass429,Operator 9-Cl3-SD9,,,,,,sd9@test.com,cl3_sd9@test.com
operator,op10_cl3_sd9@test.com,Op@Pass430,Operator 10-Cl3-SD9,,,,,,sd9@test.com,cl3_sd9@test.com
operator,op1_cl4_sd9@test.com,Op@Pass431,Operator 1-Cl4-SD9,,,,,,sd9@test.com,cl4_sd9@test.com
operator,op2_cl4_sd9@test.com,Op@Pass432,Operator 2-Cl4-SD9,,,,,,sd9@test.com,cl4_sd9@test.com
operator,op3_cl4_sd9@test.com,Op@Pass433,Operator 3-Cl4-SD9,,,,,,sd9@test.com,cl4_sd9@test.com
operator,op4_cl4_sd9@test.com,Op@Pass434,Operator 4-Cl4-SD9,,,,,,sd9@test.com,cl4_sd9@test.com
operator,op5_cl4_sd9@test.com,Op@Pass435,Operator 5-Cl4-SD9,,,,,,sd9@test.com,cl4_sd9@test.com
operator,op6_cl4_sd9@test.com,Op@Pass436,Operator 6-Cl4-SD9,,,,,,sd9@test.com,cl4_sd9@test.com
operator,op7_cl4_sd9@test.com,Op@Pass437,Operator 7-Cl4-SD9,,,,,,sd9@test.com,cl4_sd9@test.com
operator,op8_cl4_sd9@test.com,Op@Pass438,Operator 8-Cl4-SD9,,,,,,sd9@test.com,cl4_sd9@test.com
operator,op9_cl4_sd9@test.com,Op@Pass439,Operator 9-Cl4-SD9,,,,,,sd9@test.com,cl4_sd9@test.com
operator,op10_cl4_sd9@test.com,Op@Pass440,Operator 10-Cl4-SD9,,,,,,sd9@test.com,cl4_sd9@test.com
operator,op1_cl5_sd9@test.com,Op@Pass441,Operator 1-Cl5-SD9,,,,,,sd9@test.com,cl5_sd9@test.com
operator,op2_cl5_sd9@test.com,Op@Pass442,Operator 2-Cl5-SD9,,,,,,sd9@test.com,cl5_sd9@test.com
operator,op3_cl5_sd9@test.com,Op@Pass443,Operator 3-Cl5-SD9,,,,,,sd9@test.com,cl5_sd9@test.com
operator,op4_cl5_sd9@test.com,Op@Pass444,Operator 4-Cl5-SD9,,,,,,sd9@test.com,cl5_sd9@test.com
operator,op5_cl5_sd9@test.com,Op@Pass445,Operator 5-Cl5-SD9,,,,,,sd9@test.com,cl5_sd9@test.com
operator,op6_cl5_sd9@test.com,Op@Pass446,Operator 6-Cl5-SD9,,,,,,sd9@test.com,cl5_sd9@test.com
operator,op7_cl5_sd9@test.com,Op@Pass447,Operator 7-Cl5-SD9,,,,,,sd9@test.com,cl5_sd9@test.com
operator,op8_cl5_sd9@test.com,Op@Pass448,Operator 8-Cl5-SD9,,,,,,sd9@test.com,cl5_sd9@test.com
operator,op9_cl5_sd9@test.com,Op@Pass449,Operator 9-Cl5-SD9,,,,,,sd9@test.com,cl5_sd9@test.com
operator,op10_cl5_sd9@test.com,Op@Pass450,Operator 10-Cl5-SD9,,,,,,sd9@test.com,cl5_sd9@test.com
operator,op1_cl1_sd10@test.com,Op@Pass451,Operator 1-Cl1-SD10,,,,,,sd10@test.com,cl1_sd10@test.com
operator,op2_cl1_sd10@test.com,Op@Pass452,Operator 2-Cl1-SD10,,,,,,sd10@test.com,cl1_sd10@test.com
operator,op3_cl1_sd10@test.com,Op@Pass453,Operator 3-Cl1-SD10,,,,,,sd10@test.com,cl1_sd10@test.com
operator,op4_cl1_sd10@test.com,Op@Pass454,Operator 4-Cl1-SD10,,,,,,sd10@test.com,cl1_sd10@test.com
operator,op5_cl1_sd10@test.com,Op@Pass455,Operator 5-Cl1-SD10,,,,,,sd10@test.com,cl1_sd10@test.com
operator,op6_cl1_sd10@test.com,Op@Pass456,Operator 6-Cl1-SD10,,,,,,sd10@test.com,cl1_sd10@test.com
operator,op7_cl1_sd10@test.com,Op@Pass457,Operator 7-Cl1-SD10,,,,,,sd10@test.com,cl1_sd10@test.com
operator,op8_cl1_sd10@test.com,Op@Pass458,Operator 8-Cl1-SD10,,,,,,sd10@test.com,cl1_sd10@test.com
operator,op9_cl1_sd10@test.com,Op@Pass459,Operator 9-Cl1-SD10,,,,,,sd10@test.com,cl1_sd10@test.com
operator,op10_cl1_sd10@test.com,Op@Pass460,Operator 10-Cl1-SD10,,,,,,sd10@test.com,cl1_sd10@test.com
operator,op1_cl2_sd10@test.com,Op@Pass461,Operator 1-Cl2-SD10,,,,,,sd10@test.com,cl2_sd10@test.com
operator,op2_cl2_sd10@test.com,Op@Pass462,Operator 2-Cl2-SD10,,,,,,sd10@test.com,cl2_sd10@test.com
operator,op3_cl2_sd10@test.com,Op@Pass463,Operator 3-Cl2-SD10,,,,,,sd10@test.com,cl2_sd10@test.com
operator,op4_cl2_sd10@test.com,Op@Pass464,Operator 4-Cl2-SD10,,,,,,sd10@test.com,cl2_sd10@test.com
operator,op5_cl2_sd10@test.com,Op@Pass465,Operator 5-Cl2-SD10,,,,,,sd10@test.com,cl2_sd10@test.com
operator,op6_cl2_sd10@test.com,Op@Pass466,Operator 6-Cl2-SD10,,,,,,sd10@test.com,cl2_sd10@test.com
operator,op7_cl2_sd10@test.com,Op@Pass467,Operator 7-Cl2-SD10,,,,,,sd10@test.com,cl2_sd10@test.com
operator,op8_cl2_sd10@test.com,Op@Pass468,Operator 8-Cl2-SD10,,,,,,sd10@test.com,cl2_sd10@test.com
operator,op9_cl2_sd10@test.com,Op@Pass469,Operator 9-Cl2-SD10,,,,,,sd10@test.com,cl2_sd10@test.com
operator,op10_cl2_sd10@test.com,Op@Pass470,Operator 10-Cl2-SD10,,,,,,sd10@test.com,cl2_sd10@test.com
operator,op1_cl3_sd10@test.com,Op@Pass471,Operator 1-Cl3-SD10,,,,,,sd10@test.com,cl3_sd10@test.com
operator,op2_cl3_sd10@test.com,Op@Pass472,Operator 2-Cl3-SD10,,,,,,sd10@test.com,cl3_sd10@test.com
operator,op3_cl3_sd10@test.com,Op@Pass473,Operator 3-Cl3-SD10,,,,,,sd10@test.com,cl3_sd10@test.com
operator,op4_cl3_sd10@test.com,Op@Pass474,Operator 4-Cl3-SD10,,,,,,sd10@test.com,cl3_sd10@test.com
operator,op5_cl3_sd10@test.com,Op@Pass475,Operator 5-Cl3-SD10,,,,,,sd10@test.com,cl3_sd10@test.com
operator,op6_cl3_sd10@test.com,Op@Pass476,Operator 6-Cl3-SD10,,,,,,sd10@test.com,cl3_sd10@test.com
operator,op7_cl3_sd10@test.com,Op@Pass477,Operator 7-Cl3-SD10,,,,,,sd10@test.com,cl3_sd10@test.com
operator,op8_cl3_sd10@test.com,Op@Pass478,Operator 8-Cl3-SD10,,,,,,sd10@test.com,cl3_sd10@test.com
operator,op9_cl3_sd10@test.com,Op@Pass479,Operator 9-Cl3-SD10,,,,,,sd10@test.com,cl3_sd10@test.com
operator,op10_cl3_sd10@test.com,Op@Pass480,Operator 10-Cl3-SD10,,,,,,sd10@test.com,cl3_sd10@test.com
operator,op1_cl4_sd10@test.com,Op@Pass481,Operator 1-Cl4-SD10,,,,,,sd10@test.com,cl4_sd10@test.com
operator,op2_cl4_sd10@test.com,Op@Pass482,Operator 2-Cl4-SD10,,,,,,sd10@test.com,cl4_sd10@test.com
operator,op3_cl4_sd10@test.com,Op@Pass483,Operator 3-Cl4-SD10,,,,,,sd10@test.com,cl4_sd10@test.com
operator,op4_cl4_sd10@test.com,Op@Pass484,Operator 4-Cl4-SD10,,,,,,sd10@test.com,cl4_sd10@test.com
operator,op5_cl4_sd10@test.com,Op@Pass485,Operator 5-Cl4-SD10,,,,,,sd10@test.com,cl4_sd10@test.com
operator,op6_cl4_sd10@test.com,Op@Pass486,Operator 6-Cl4-SD10,,,,,,sd10@test.com,cl4_sd10@test.com
operator,op7_cl4_sd10@test.com,Op@Pass487,Operator 7-Cl4-SD10,,,,,,sd10@test.com,cl4_sd10@test.com
operator,op8_cl4_sd10@test.com,Op@Pass488,Operator 8-Cl4-SD10,,,,,,sd10@test.com,cl4_sd10@test.com
operator,op9_cl4_sd10@test.com,Op@Pass489,Operator 9-Cl4-SD10,,,,,,sd10@test.com,cl4_sd10@test.com
operator,op10_cl4_sd10@test.com,Op@Pass490,Operator 10-Cl4-SD10,,,,,,sd10@test.com,cl4_sd10@test.com
operator,op1_cl5_sd10@test.com,Op@Pass491,Operator 1-Cl5-SD10,,,,,,sd10@test.com,cl5_sd10@test.com
operator,op2_cl5_sd10@test.com,Op@Pass492,Operator 2-Cl5-SD10,,,,,,sd10@test.com,cl5_sd10@test.com
operator,op3_cl5_sd10@test.com,Op@Pass493,Operator 3-Cl5-SD10,,,,,,sd10@test.com,cl5_sd10@test.com
operator,op4_cl5_sd10@test.com,Op@Pass494,Operator 4-Cl5-SD10,,,,,,sd10@test.com,cl5_sd10@test.com
operator,op5_cl5_sd10@test.com,Op@Pass495,Operator 5-Cl5-SD10,,,,,,sd10@test.com,cl5_sd10@test.com
operator,op6_cl5_sd10@test.com,Op@Pass496,Operator 6-Cl5-SD10,,,,,,sd10@test.com,cl5_sd10@test.com
operator,op7_cl5_sd10@test.com,Op@Pass497,Operator 7-Cl5-SD10,,,,,,sd10@test.com,cl5_sd10@test.com
operator,op8_cl5_sd10@test.com,Op@Pass498,Operator 8-Cl5-SD10,,,,,,sd10@test.com,cl5_sd10@test.com
operator,op9_cl5_sd10@test.com,Op@Pass499,Operator 9-Cl5-SD10,,,,,,sd10@test.com,cl5_sd10@test.com
operator,op10_cl5_sd10@test.com,Op@Pass500,Operator 10-Cl5-SD10,,,,,,sd10@test.com,cl5_sd10@test.com